SubjectID,researchdate,BrandID,Brand,CategoryNameDelivery,daily_ots,score,threshold,reason
441361688982367554,2025-06-13,197548,asics,Обувь,28632.779,28632.779,19238.98025,Daily OTS 28632.78 > Q3 + 1.5*IQR = 19238.98
648524241621891017,2025-06-14,197548,asics,Обувь,70084.335,70084.335,30080.629999999997,Daily OTS 70084.34 > Q3 + 1.5*IQR = 30080.63
648524241621891017,2025-06-26,197548,asics,Обувь,84150.204,84150.204,23299.410375,Daily OTS 84150.20 > Q3 + 1.5*IQR = 23299.41
1585271561337036442,2025-06-01,197627,adidas,Обувь,32645.463,32645.463,29711.025124999996,Daily OTS 32645.46 > Q3 + 1.5*IQR = 29711.03
657538164249049536,2025-06-03,197627,adidas,Обувь,31667.958000000002,31667.958000000002,14357.410750000001,Daily OTS 31667.96 > Q3 + 1.5*IQR = 14357.41
1729388589032331985,2025-06-03,197627,adidas,Обувь,222584.645,222584.645,14357.410750000001,Daily OTS 222584.64 > Q3 + 1.5*IQR = 14357.41
5260212023980595118,2025-06-03,197627,adidas,Обувь,24223.696,24223.696,14357.410750000001,Daily OTS 24223.70 > Q3 + 1.5*IQR = 14357.41
1729388589032331985,2025-06-04,197627,adidas,Обувь,579605.078,579605.078,29437.066875000004,Daily OTS 579605.08 > Q3 + 1.5*IQR = 29437.07
4908935609760525954,2025-06-04,197627,adidas,Обувь,30964.506,30964.506,29437.066875000004,Daily OTS 30964.51 > Q3 + 1.5*IQR = 29437.07
1729388589032331985,2025-06-05,197627,adidas,Обувь,1610180.64,1610180.64,23946.396999999997,Daily OTS 1610180.64 > Q3 + 1.5*IQR = 23946.40
4836876699678227158,2025-06-05,197627,adidas,Обувь,24672.34,24672.34,23946.396999999997,Daily OTS 24672.34 > Q3 + 1.5*IQR = 23946.40
792639191900656652,2025-06-06,197627,adidas,Обувь,27956.402,27956.402,14480.941875,Daily OTS 27956.40 > Q3 + 1.5*IQR = 14480.94
1729388589032331985,2025-06-06,197627,adidas,Обувь,357638.12,357638.12,14480.941875,Daily OTS 357638.12 > Q3 + 1.5*IQR = 14480.94
2531035227693134080,2025-06-06,197627,adidas,Обувь,20996.088,20996.088,14480.941875,Daily OTS 20996.09 > Q3 + 1.5*IQR = 14480.94
2891323557308657986,2025-06-07,197627,adidas,Обувь,11900.963,11900.963,6275.2685,Daily OTS 11900.96 > Q3 + 1.5*IQR = 6275.27
6710374421143547864,2025-06-07,197627,adidas,Обувь,10483.111,10483.111,6275.2685,Daily OTS 10483.11 > Q3 + 1.5*IQR = 6275.27
1729388589032331985,2025-06-09,197627,adidas,Обувь,44568.233,44568.233,11555.992875,Daily OTS 44568.23 > Q3 + 1.5*IQR = 11555.99
5918087169164797888,2025-06-09,197627,adidas,Обувь,11638.156,11638.156,11555.992875,Daily OTS 11638.16 > Q3 + 1.5*IQR = 11555.99
8801587602994100992,2025-06-10,197627,adidas,Обувь,23520.039,23520.039,6185.2273749999995,Daily OTS 23520.04 > Q3 + 1.5*IQR = 6185.23
7926341023773842837,2025-06-11,197627,adidas,Обувь,19574.158,19574.158,19569.201,Daily OTS 19574.16 > Q3 + 1.5*IQR = 19569.20
1585271561337036442,2025-06-13,197627,adidas,Обувь,44441.82,44441.82,17971.96425,Daily OTS 44441.82 > Q3 + 1.5*IQR = 17971.96
3251612677654324864,2025-06-15,197627,adidas,Обувь,37991.214,37991.214,11778.649250000002,Daily OTS 37991.21 > Q3 + 1.5*IQR = 11778.65
7566064520488142175,2025-06-16,197627,adidas,Обувь,12515.93,12515.93,9537.449,Daily OTS 12515.93 > Q3 + 1.5*IQR = 9537.45
3036601422180555840,2025-06-18,197627,adidas,Обувь,12550.314,12550.314,6500.675750000001,Daily OTS 12550.31 > Q3 + 1.5*IQR = 6500.68
1585271561336836994,2025-06-19,197627,adidas,Обувь,12530.902,12530.902,4726.169,Daily OTS 12530.90 > Q3 + 1.5*IQR = 4726.17
4620705515620634944,2025-06-19,197627,adidas,Обувь,19661.574,19661.574,4726.169,Daily OTS 19661.57 > Q3 + 1.5*IQR = 4726.17
6629304165209878003,2025-06-20,197627,adidas,Обувь,31148.540999999997,31148.540999999997,18165.09975,Daily OTS 31148.54 > Q3 + 1.5*IQR = 18165.10
9007207445622427913,2025-06-24,197627,adidas,Обувь,36490.335,36490.335,22781.04425,Daily OTS 36490.33 > Q3 + 1.5*IQR = 22781.04
5629512976778660864,2025-06-25,197627,adidas,Обувь,13716.768,13716.768,12131.156374999999,Daily OTS 13716.77 > Q3 + 1.5*IQR = 12131.16
1585271561336864392,2025-06-26,197627,adidas,Обувь,28738.556,28738.556,14061.733499999998,Daily OTS 28738.56 > Q3 + 1.5*IQR = 14061.73
6485190517591018432,2025-06-29,197627,adidas,Обувь,10931.717,10931.717,9184.237875,Daily OTS 10931.72 > Q3 + 1.5*IQR = 9184.24
7719181224280449178,2025-06-29,197627,adidas,Обувь,9680.85,9680.85,9184.237875,Daily OTS 9680.85 > Q3 + 1.5*IQR = 9184.24
1729388589032331985,2025-06-03,197627,adidas,Одежда,89033.858,89033.858,43699.701875,Daily OTS 89033.86 > Q3 + 1.5*IQR = 43699.70
1729388589032331985,2025-06-04,197627,adidas,Одежда,178340.024,178340.024,30451.65325,Daily OTS 178340.02 > Q3 + 1.5*IQR = 30451.65
4107288419676846144,2025-06-06,197627,adidas,Одежда,23773.942,23773.942,18943.72275,Daily OTS 23773.94 > Q3 + 1.5*IQR = 18943.72
720583759961119936,2025-06-12,197627,adidas,Одежда,23553.633,23553.633,6116.389,Daily OTS 23553.63 > Q3 + 1.5*IQR = 6116.39
5629511959330150400,2025-06-13,197627,adidas,Одежда,34410.816,34410.816,13846.754375,Daily OTS 34410.82 > Q3 + 1.5*IQR = 13846.75
7647124459683660480,2025-06-18,197627,adidas,Одежда,10257.275,10257.275,8022.612999999999,Daily OTS 10257.27 > Q3 + 1.5*IQR = 8022.61
6341072931965191627,2025-06-23,197627,adidas,Одежда,13130.415,13130.415,7746.999,Daily OTS 13130.42 > Q3 + 1.5*IQR = 7747.00
1585271561336841328,2025-06-05,198476,apple airpods,Аудиотехника,17608.036,17608.036,13776.375000000002,Daily OTS 17608.04 > Q3 + 1.5*IQR = 13776.38
1882516134850618573,2025-06-14,198476,apple airpods,Аудиотехника,54043.532,54043.532,25324.856499999998,Daily OTS 54043.53 > Q3 + 1.5*IQR = 25324.86
5034735005191,2025-06-01,198484,apple iphone,Смартфоны,30175.587,30175.587,23799.67225,Daily OTS 30175.59 > Q3 + 1.5*IQR = 23799.67
1954574044080790082,2025-06-01,198484,apple iphone,Смартфоны,36236.045,36236.045,23799.67225,Daily OTS 36236.04 > Q3 + 1.5*IQR = 23799.67
4260903199544299328,2025-06-01,198484,apple iphone,Смартфоны,33776.16,33776.16,23799.67225,Daily OTS 33776.16 > Q3 + 1.5*IQR = 23799.67
7566064520488142175,2025-06-01,198484,apple iphone,Смартфоны,30020.210000000003,30020.210000000003,23799.67225,Daily OTS 30020.21 > Q3 + 1.5*IQR = 23799.67
729595691934239810,2025-06-02,198484,apple iphone,Смартфоны,27708.510000000002,27708.510000000002,24654.966750000003,Daily OTS 27708.51 > Q3 + 1.5*IQR = 24654.97
947291746421455936,2025-06-02,198484,apple iphone,Смартфоны,25239.49,25239.49,24654.966750000003,Daily OTS 25239.49 > Q3 + 1.5*IQR = 24654.97
4908934708435070415,2025-06-02,198484,apple iphone,Смартфоны,55699.505,55699.505,24654.966750000003,Daily OTS 55699.50 > Q3 + 1.5*IQR = 24654.97
5557453419725369301,2025-06-02,198484,apple iphone,Смартфоны,28903.184999999998,28903.184999999998,24654.966750000003,Daily OTS 28903.18 > Q3 + 1.5*IQR = 24654.97
6052843423965704693,2025-06-02,198484,apple iphone,Смартфоны,29942.847,29942.847,24654.966750000003,Daily OTS 29942.85 > Q3 + 1.5*IQR = 24654.97
6494202711772201091,2025-06-02,198484,apple iphone,Смартфоны,29893.264,29893.264,24654.966750000003,Daily OTS 29893.26 > Q3 + 1.5*IQR = 24654.97
5034735006047,2025-06-03,198484,apple iphone,Смартфоны,31036.833000000002,31036.833000000002,22706.93775,Daily OTS 31036.83 > Q3 + 1.5*IQR = 22706.94
1378112445748263814,2025-06-03,198484,apple iphone,Смартфоны,32848.047,32848.047,22706.93775,Daily OTS 32848.05 > Q3 + 1.5*IQR = 22706.94
1585271561337050533,2025-06-03,198484,apple iphone,Смартфоны,28811.475000000002,28811.475000000002,22706.93775,Daily OTS 28811.48 > Q3 + 1.5*IQR = 22706.94
2377908555547499328,2025-06-03,198484,apple iphone,Смартфоны,27763.974000000002,27763.974000000002,22706.93775,Daily OTS 27763.97 > Q3 + 1.5*IQR = 22706.94
4548647573216187331,2025-06-03,198484,apple iphone,Смартфоны,66677.716,66677.716,22706.93775,Daily OTS 66677.72 > Q3 + 1.5*IQR = 22706.94
4764817325728901314,2025-06-03,198484,apple iphone,Смартфоны,33839.465,33839.465,22706.93775,Daily OTS 33839.46 > Q3 + 1.5*IQR = 22706.94
1234000039061637954,2025-06-04,198484,apple iphone,Смартфоны,37585.388999999996,37585.388999999996,25114.1895,Daily OTS 37585.39 > Q3 + 1.5*IQR = 25114.19
1585271561336771633,2025-06-04,198484,apple iphone,Смартфоны,33804.85,33804.85,25114.1895,Daily OTS 33804.85 > Q3 + 1.5*IQR = 25114.19
3963174951955399954,2025-06-04,198484,apple iphone,Смартфоны,33374.345,33374.345,25114.1895,Daily OTS 33374.35 > Q3 + 1.5*IQR = 25114.19
5269222877690299204,2025-06-04,198484,apple iphone,Смартфоны,43322.388,43322.388,25114.1895,Daily OTS 43322.39 > Q3 + 1.5*IQR = 25114.19
5332267584642577300,2025-06-04,198484,apple iphone,Смартфоны,153372.876,153372.876,25114.1895,Daily OTS 153372.88 > Q3 + 1.5*IQR = 25114.19
1008813765626955268,2025-06-05,198484,apple iphone,Смартфоны,27185.509,27185.509,25932.3765,Daily OTS 27185.51 > Q3 + 1.5*IQR = 25932.38
1297043030334348571,2025-06-05,198484,apple iphone,Смартфоны,137033.84100000001,137033.84100000001,25932.3765,Daily OTS 137033.84 > Q3 + 1.5*IQR = 25932.38
1954573939019829505,2025-06-05,198484,apple iphone,Смартфоны,168450.018,168450.018,25932.3765,Daily OTS 168450.02 > Q3 + 1.5*IQR = 25932.38
2676736128943147201,2025-06-05,198484,apple iphone,Смартфоны,34092.025,34092.025,25932.3765,Daily OTS 34092.03 > Q3 + 1.5*IQR = 25932.38
1810459314961887296,2025-06-06,198484,apple iphone,Смартфоны,18123.71,18123.71,17923.94775,Daily OTS 18123.71 > Q3 + 1.5*IQR = 17923.95
1954573939019829505,2025-06-06,198484,apple iphone,Смартфоны,166115.05800000002,166115.05800000002,17923.94775,Daily OTS 166115.06 > Q3 + 1.5*IQR = 17923.95
3035439740714155136,2025-06-06,198484,apple iphone,Смартфоны,23049.822,23049.822,17923.94775,Daily OTS 23049.82 > Q3 + 1.5*IQR = 17923.95
5476384795035394075,2025-06-06,198484,apple iphone,Смартфоны,23095.884,23095.884,17923.94775,Daily OTS 23095.88 > Q3 + 1.5*IQR = 17923.95
1297043030334348571,2025-06-07,198484,apple iphone,Смартфоны,49588.159,49588.159,22651.38975,Daily OTS 49588.16 > Q3 + 1.5*IQR = 22651.39
1450169730127850278,2025-06-07,198484,apple iphone,Смартфоны,62793.88,62793.88,22651.38975,Daily OTS 62793.88 > Q3 + 1.5*IQR = 22651.39
3747000630363940255,2025-06-07,198484,apple iphone,Смартфоны,45463.476,45463.476,22651.38975,Daily OTS 45463.48 > Q3 + 1.5*IQR = 22651.39
7791241212634248768,2025-06-07,198484,apple iphone,Смартфоны,37653.200000000004,37653.200000000004,22651.38975,Daily OTS 37653.20 > Q3 + 1.5*IQR = 22651.39
8791033816660297281,2025-06-07,198484,apple iphone,Смартфоны,31259.056,31259.056,22651.38975,Daily OTS 31259.06 > Q3 + 1.5*IQR = 22651.39
9079264347632290584,2025-06-07,198484,apple iphone,Смартфоны,53098.544,53098.544,22651.38975,Daily OTS 53098.54 > Q3 + 1.5*IQR = 22651.39
513421118227062849,2025-06-08,198484,apple iphone,Смартфоны,39475.478,39475.478,29466.5545,Daily OTS 39475.48 > Q3 + 1.5*IQR = 29466.55
1585274468154760803,2025-06-08,198484,apple iphone,Смартфоны,52388.224,52388.224,29466.5545,Daily OTS 52388.22 > Q3 + 1.5*IQR = 29466.55
1954573939019829505,2025-06-08,198484,apple iphone,Смартфоны,102230.612,102230.612,29466.5545,Daily OTS 102230.61 > Q3 + 1.5*IQR = 29466.55
2531033574337167351,2025-06-08,198484,apple iphone,Смартфоны,61781.38,61781.38,29466.5545,Daily OTS 61781.38 > Q3 + 1.5*IQR = 29466.55
2738194092690289674,2025-06-08,198484,apple iphone,Смартфоны,85669.374,85669.374,29466.5545,Daily OTS 85669.37 > Q3 + 1.5*IQR = 29466.55
1297043030334348571,2025-06-09,198484,apple iphone,Смартфоны,229379.77,229379.77,29611.809875,Daily OTS 229379.77 > Q3 + 1.5*IQR = 29611.81
1954573939019829505,2025-06-09,198484,apple iphone,Смартфоны,329091.54,329091.54,29611.809875,Daily OTS 329091.54 > Q3 + 1.5*IQR = 29611.81
4548647573216187331,2025-06-09,198484,apple iphone,Смартфоны,103492.01,103492.01,29611.809875,Daily OTS 103492.01 > Q3 + 1.5*IQR = 29611.81
5332267584642577112,2025-06-09,198484,apple iphone,Смартфоны,33701.193,33701.193,29611.809875,Daily OTS 33701.19 > Q3 + 1.5*IQR = 29611.81
1585271561336981583,2025-06-10,198484,apple iphone,Смартфоны,22167.564,22167.564,22030.106499999994,Daily OTS 22167.56 > Q3 + 1.5*IQR = 22030.11
4476589022556912544,2025-06-10,198484,apple iphone,Смартфоны,67807.808,67807.808,22030.106499999994,Daily OTS 67807.81 > Q3 + 1.5*IQR = 22030.11
6413133404652387490,2025-06-10,198484,apple iphone,Смартфоны,51193.509999999995,51193.509999999995,22030.106499999994,Daily OTS 51193.51 > Q3 + 1.5*IQR = 22030.11
6701361217345430838,2025-06-10,198484,apple iphone,Смартфоны,41903.307,41903.307,22030.106499999994,Daily OTS 41903.31 > Q3 + 1.5*IQR = 22030.11
5557453480556840705,2025-06-11,198484,apple iphone,Смартфоны,30508.155000000002,30508.155000000002,25637.306375000004,Daily OTS 30508.16 > Q3 + 1.5*IQR = 25637.31
6350087783588513730,2025-06-11,198484,apple iphone,Смартфоны,34946.026,34946.026,25637.306375000004,Daily OTS 34946.03 > Q3 + 1.5*IQR = 25637.31
6494202667536140096,2025-06-11,198484,apple iphone,Смартфоны,87779.9,87779.9,25637.306375000004,Daily OTS 87779.90 > Q3 + 1.5*IQR = 25637.31
6998872468341592896,2025-06-11,198484,apple iphone,Смартфоны,55413.648,55413.648,25637.306375000004,Daily OTS 55413.65 > Q3 + 1.5*IQR = 25637.31
5034735007627,2025-06-12,198484,apple iphone,Смартфоны,27250.131,27250.131,24737.455499999996,Daily OTS 27250.13 > Q3 + 1.5*IQR = 24737.46
4764817325728906434,2025-06-12,198484,apple iphone,Смартфоны,25835.46,25835.46,24737.455499999996,Daily OTS 25835.46 > Q3 + 1.5*IQR = 24737.46
5701569099948068097,2025-06-12,198484,apple iphone,Смартфоны,28951.06,28951.06,24737.455499999996,Daily OTS 28951.06 > Q3 + 1.5*IQR = 24737.46
7791241212634245504,2025-06-12,198484,apple iphone,Смартфоны,28665.015,28665.015,24737.455499999996,Daily OTS 28665.01 > Q3 + 1.5*IQR = 24737.46
8791033816660297281,2025-06-12,198484,apple iphone,Смартфоны,32056.87,32056.87,24737.455499999996,Daily OTS 32056.87 > Q3 + 1.5*IQR = 24737.46
360295029579446279,2025-06-13,198484,apple iphone,Смартфоны,37007.518,37007.518,21586.903000000002,Daily OTS 37007.52 > Q3 + 1.5*IQR = 21586.90
1297043030334348571,2025-06-13,198484,apple iphone,Смартфоны,94220.808,94220.808,21586.903000000002,Daily OTS 94220.81 > Q3 + 1.5*IQR = 21586.90
1306055918923481346,2025-06-13,198484,apple iphone,Смартфоны,21752.532,21752.532,21586.903000000002,Daily OTS 21752.53 > Q3 + 1.5*IQR = 21586.90
1585271561337019272,2025-06-13,198484,apple iphone,Смартфоны,24455.778000000002,24455.778000000002,21586.903000000002,Daily OTS 24455.78 > Q3 + 1.5*IQR = 21586.90
2242801434868013825,2025-06-13,198484,apple iphone,Смартфоны,23171.714,23171.714,21586.903000000002,Daily OTS 23171.71 > Q3 + 1.5*IQR = 21586.90
2386919254417071878,2025-06-13,198484,apple iphone,Смартфоны,42898.24,42898.24,21586.903000000002,Daily OTS 42898.24 > Q3 + 1.5*IQR = 21586.90
4611694214010660315,2025-06-13,198484,apple iphone,Смартфоны,30224.548,30224.548,21586.903000000002,Daily OTS 30224.55 > Q3 + 1.5*IQR = 21586.90
6413133404652387490,2025-06-13,198484,apple iphone,Смартфоны,39083.172,39083.172,21586.903000000002,Daily OTS 39083.17 > Q3 + 1.5*IQR = 21586.90
7791241212634245504,2025-06-13,198484,apple iphone,Смартфоны,85898.337,85898.337,21586.903000000002,Daily OTS 85898.34 > Q3 + 1.5*IQR = 21586.90
9312040921243712,2025-06-14,198484,apple iphone,Смартфоны,29021.199999999997,29021.199999999997,20211.209000000003,Daily OTS 29021.20 > Q3 + 1.5*IQR = 20211.21
297251194917919616,2025-06-14,198484,apple iphone,Смартфоны,58218.435,58218.435,20211.209000000003,Daily OTS 58218.43 > Q3 + 1.5*IQR = 20211.21
1738401682216574849,2025-06-14,198484,apple iphone,Смартфоны,40518.046,40518.046,20211.209000000003,Daily OTS 40518.05 > Q3 + 1.5*IQR = 20211.21
2242805481916280257,2025-06-14,198484,apple iphone,Смартфоны,27428.828,27428.828,20211.209000000003,Daily OTS 27428.83 > Q3 + 1.5*IQR = 20211.21
6998872468341592896,2025-06-14,198484,apple iphone,Смартфоны,28285.664,28285.664,20211.209000000003,Daily OTS 28285.66 > Q3 + 1.5*IQR = 20211.21
1297043030334348571,2025-06-15,198484,apple iphone,Смартфоны,50480.381,50480.381,31593.13175,Daily OTS 50480.38 > Q3 + 1.5*IQR = 31593.13
1585271561336590344,2025-06-15,198484,apple iphone,Смартфоны,39781.231,39781.231,31593.13175,Daily OTS 39781.23 > Q3 + 1.5*IQR = 31593.13
5980785973690676368,2025-06-15,198484,apple iphone,Смартфоны,34460.464,34460.464,31593.13175,Daily OTS 34460.46 > Q3 + 1.5*IQR = 31593.13
6701361217345430741,2025-06-15,198484,apple iphone,Смартфоны,90882.444,90882.444,31593.13175,Daily OTS 90882.44 > Q3 + 1.5*IQR = 31593.13
441939118833085120,2025-06-16,198484,apple iphone,Смартфоны,39926.275,39926.275,25127.38575,Daily OTS 39926.28 > Q3 + 1.5*IQR = 25127.39
801651201304651476,2025-06-16,198484,apple iphone,Смартфоны,27962.474,27962.474,25127.38575,Daily OTS 27962.47 > Q3 + 1.5*IQR = 25127.39
801651206834380136,2025-06-16,198484,apple iphone,Смартфоны,31072.595999999998,31072.595999999998,25127.38575,Daily OTS 31072.60 > Q3 + 1.5*IQR = 25127.39
1585271561336620066,2025-06-16,198484,apple iphone,Смартфоны,28242.456,28242.456,25127.38575,Daily OTS 28242.46 > Q3 + 1.5*IQR = 25127.39
1585271561336959172,2025-06-16,198484,apple iphone,Смартфоны,35461.56,35461.56,25127.38575,Daily OTS 35461.56 > Q3 + 1.5*IQR = 25127.39
2594080439968916616,2025-06-16,198484,apple iphone,Смартфоны,26101.452,26101.452,25127.38575,Daily OTS 26101.45 > Q3 + 1.5*IQR = 25127.39
1017826062559976640,2025-06-17,198484,apple iphone,Смартфоны,22944.004,22944.004,20699.579250000003,Daily OTS 22944.00 > Q3 + 1.5*IQR = 20699.58
1810459314961887936,2025-06-17,198484,apple iphone,Смартфоны,28615.684999999998,28615.684999999998,20699.579250000003,Daily OTS 28615.68 > Q3 + 1.5*IQR = 20699.58
2315480831823292352,2025-06-17,198484,apple iphone,Смартфоны,24223.988,24223.988,20699.579250000003,Daily OTS 24223.99 > Q3 + 1.5*IQR = 20699.58
2531033574337167351,2025-06-17,198484,apple iphone,Смартфоны,51350.002,51350.002,20699.579250000003,Daily OTS 51350.00 > Q3 + 1.5*IQR = 20699.58
6061857247078127296,2025-06-17,198484,apple iphone,Смартфоны,56427.0,56427.0,20699.579250000003,Daily OTS 56427.00 > Q3 + 1.5*IQR = 20699.58
6485190517591018432,2025-06-17,198484,apple iphone,Смартфоны,21100.584,21100.584,20699.579250000003,Daily OTS 21100.58 > Q3 + 1.5*IQR = 20699.58
1234000039061637954,2025-06-18,198484,apple iphone,Смартфоны,84181.01699999999,84181.01699999999,47297.88525000001,Daily OTS 84181.02 > Q3 + 1.5*IQR = 47297.89
2531033574337167351,2025-06-18,198484,apple iphone,Смартфоны,52215.948,52215.948,47297.88525000001,Daily OTS 52215.95 > Q3 + 1.5*IQR = 47297.89
4188358369920040000,2025-06-18,198484,apple iphone,Смартфоны,61285.962,61285.962,47297.88525000001,Daily OTS 61285.96 > Q3 + 1.5*IQR = 47297.89
8079709592015739840,2025-06-18,198484,apple iphone,Смартфоны,51730.524000000005,51730.524000000005,47297.88525000001,Daily OTS 51730.52 > Q3 + 1.5*IQR = 47297.89
801651206834380136,2025-06-19,198484,apple iphone,Смартфоны,21892.932,21892.932,21667.728375,Daily OTS 21892.93 > Q3 + 1.5*IQR = 21667.73
1451738962565949888,2025-06-19,198484,apple iphone,Смартфоны,28160.540999999997,28160.540999999997,21667.728375,Daily OTS 28160.54 > Q3 + 1.5*IQR = 21667.73
1585271561336971361,2025-06-19,198484,apple iphone,Смартфоны,36038.57,36038.57,21667.728375,Daily OTS 36038.57 > Q3 + 1.5*IQR = 21667.73
3747000630363940454,2025-06-19,198484,apple iphone,Смартфоны,24181.52,24181.52,21667.728375,Daily OTS 24181.52 > Q3 + 1.5*IQR = 21667.73
3891115984388077661,2025-06-19,198484,apple iphone,Смартфоны,57102.105,57102.105,21667.728375,Daily OTS 57102.11 > Q3 + 1.5*IQR = 21667.73
7358893580340050752,2025-06-19,198484,apple iphone,Смартфоны,25079.052,25079.052,21667.728375,Daily OTS 25079.05 > Q3 + 1.5*IQR = 21667.73
8511817191720792833,2025-06-19,198484,apple iphone,Смартфоны,53218.058,53218.058,21667.728375,Daily OTS 53218.06 > Q3 + 1.5*IQR = 21667.73
1945562604242968707,2025-06-20,198484,apple iphone,Смартфоны,34506.176,34506.176,20022.86775,Daily OTS 34506.18 > Q3 + 1.5*IQR = 20022.87
3891115984388077661,2025-06-20,198484,apple iphone,Смартфоны,60105.55500000001,60105.55500000001,20022.86775,Daily OTS 60105.56 > Q3 + 1.5*IQR = 20022.87
1585271561336620066,2025-06-21,198484,apple iphone,Смартфоны,28959.249000000003,28959.249000000003,26349.571249999997,Daily OTS 28959.25 > Q3 + 1.5*IQR = 26349.57
4611691438142762186,2025-06-21,198484,apple iphone,Смартфоны,62850.067,62850.067,26349.571249999997,Daily OTS 62850.07 > Q3 + 1.5*IQR = 26349.57
4764817325728901697,2025-06-21,198484,apple iphone,Смартфоны,27137.793,27137.793,26349.571249999997,Daily OTS 27137.79 > Q3 + 1.5*IQR = 26349.57
4764817325728901698,2025-06-21,198484,apple iphone,Смартфоны,37634.86,37634.86,26349.571249999997,Daily OTS 37634.86 > Q3 + 1.5*IQR = 26349.57
1585271561336994883,2025-06-22,198484,apple iphone,Смартфоны,39279.588,39279.588,32010.441375,Daily OTS 39279.59 > Q3 + 1.5*IQR = 32010.44
6341074104264852368,2025-06-22,198484,apple iphone,Смартфоны,89006.06,89006.06,32010.441375,Daily OTS 89006.06 > Q3 + 1.5*IQR = 32010.44
6629304165209877199,2025-06-22,198484,apple iphone,Смартфоны,391327.18200000003,391327.18200000003,32010.441375,Daily OTS 391327.18 > Q3 + 1.5*IQR = 32010.44
1585271561336921162,2025-06-23,198484,apple iphone,Смартфоны,27373.379999999997,27373.379999999997,25672.885125,Daily OTS 27373.38 > Q3 + 1.5*IQR = 25672.89
2747206450459321889,2025-06-23,198484,apple iphone,Смартфоны,77739.92,77739.92,25672.885125,Daily OTS 77739.92 > Q3 + 1.5*IQR = 25672.89
4548647573216187331,2025-06-23,198484,apple iphone,Смартфоны,35303.850000000006,35303.850000000006,25672.885125,Daily OTS 35303.85 > Q3 + 1.5*IQR = 25672.89
6917536153237304956,2025-06-23,198484,apple iphone,Смартфоны,31360.794,31360.794,25672.885125,Daily OTS 31360.79 > Q3 + 1.5*IQR = 25672.89
1585271561336921162,2025-06-24,198484,apple iphone,Смартфоны,64007.678,64007.678,25029.908625,Daily OTS 64007.68 > Q3 + 1.5*IQR = 25029.91
4693724001627148928,2025-06-24,198484,apple iphone,Смартфоны,41623.68,41623.68,25029.908625,Daily OTS 41623.68 > Q3 + 1.5*IQR = 25029.91
5269278562812822592,2025-06-24,198484,apple iphone,Смартфоны,26535.57,26535.57,25029.908625,Daily OTS 26535.57 > Q3 + 1.5*IQR = 25029.91
7421937898647071629,2025-06-24,198484,apple iphone,Смартфоны,26004.565,26004.565,25029.908625,Daily OTS 26004.56 > Q3 + 1.5*IQR = 25029.91
2233793632882183375,2025-06-25,198484,apple iphone,Смартфоны,30955.764,30955.764,25011.686999999998,Daily OTS 30955.76 > Q3 + 1.5*IQR = 25011.69
3972187335165675456,2025-06-25,198484,apple iphone,Смартфоны,84407.655,84407.655,25011.686999999998,Daily OTS 84407.65 > Q3 + 1.5*IQR = 25011.69
4476589022556912544,2025-06-25,198484,apple iphone,Смартфоны,35602.2,35602.2,25011.686999999998,Daily OTS 35602.20 > Q3 + 1.5*IQR = 25011.69
5269224077618120705,2025-06-25,198484,apple iphone,Смартфоны,41856.804,41856.804,25011.686999999998,Daily OTS 41856.80 > Q3 + 1.5*IQR = 25011.69
7430950931072303937,2025-06-25,198484,apple iphone,Смартфоны,38156.848,38156.848,25011.686999999998,Daily OTS 38156.85 > Q3 + 1.5*IQR = 25011.69
8007412236336258369,2025-06-25,198484,apple iphone,Смартфоны,70177.833,70177.833,25011.686999999998,Daily OTS 70177.83 > Q3 + 1.5*IQR = 25011.69
2315718326334908096,2025-06-26,198484,apple iphone,Смартфоны,29675.636,29675.636,22940.41775,Daily OTS 29675.64 > Q3 + 1.5*IQR = 22940.42
2747957778956732736,2025-06-26,198484,apple iphone,Смартфоны,55121.676,55121.676,22940.41775,Daily OTS 55121.68 > Q3 + 1.5*IQR = 22940.42
5548441990942654369,2025-06-26,198484,apple iphone,Смартфоны,39428.088,39428.088,22940.41775,Daily OTS 39428.09 > Q3 + 1.5*IQR = 22940.42
6341074104264852368,2025-06-26,198484,apple iphone,Смартфоны,109557.0,109557.0,22940.41775,Daily OTS 109557.00 > Q3 + 1.5*IQR = 22940.42
6629304165209877199,2025-06-26,198484,apple iphone,Смартфоны,286049.64,286049.64,22940.41775,Daily OTS 286049.64 > Q3 + 1.5*IQR = 22940.42
1306055277490834051,2025-06-27,198484,apple iphone,Смартфоны,21242.964,21242.964,14875.355999999998,Daily OTS 21242.96 > Q3 + 1.5*IQR = 14875.36
1306313283810542784,2025-06-27,198484,apple iphone,Смартфоны,19195.26,19195.26,14875.355999999998,Daily OTS 19195.26 > Q3 + 1.5*IQR = 14875.36
3395725322111671693,2025-06-27,198484,apple iphone,Смартфоны,45361.667,45361.667,14875.355999999998,Daily OTS 45361.67 > Q3 + 1.5*IQR = 14875.36
6629304165209877199,2025-06-27,198484,apple iphone,Смартфоны,96926.908,96926.908,14875.355999999998,Daily OTS 96926.91 > Q3 + 1.5*IQR = 14875.36
7287348570593627264,2025-06-27,198484,apple iphone,Смартфоны,17657.388,17657.388,14875.355999999998,Daily OTS 17657.39 > Q3 + 1.5*IQR = 14875.36
7647124409916189827,2025-06-27,198484,apple iphone,Смартфоны,16412.604,16412.604,14875.355999999998,Daily OTS 16412.60 > Q3 + 1.5*IQR = 14875.36
7719183762365539648,2025-06-27,198484,apple iphone,Смартфоны,15954.086,15954.086,14875.355999999998,Daily OTS 15954.09 > Q3 + 1.5*IQR = 14875.36
1008811907659198081,2025-06-28,198484,apple iphone,Смартфоны,26935.515,26935.515,23885.81775,Daily OTS 26935.51 > Q3 + 1.5*IQR = 23885.82
1450167894921152320,2025-06-28,198484,apple iphone,Смартфоны,26870.453,26870.453,23885.81775,Daily OTS 26870.45 > Q3 + 1.5*IQR = 23885.82
3397268127622014080,2025-06-28,198484,apple iphone,Смартфоны,33850.64,33850.64,23885.81775,Daily OTS 33850.64 > Q3 + 1.5*IQR = 23885.82
4404532213722835842,2025-06-28,198484,apple iphone,Смартфоны,37876.668000000005,37876.668000000005,23885.81775,Daily OTS 37876.67 > Q3 + 1.5*IQR = 23885.82
6061857247078125826,2025-06-28,198484,apple iphone,Смартфоны,31748.583000000002,31748.583000000002,23885.81775,Daily OTS 31748.58 > Q3 + 1.5*IQR = 23885.82
6638988891232380672,2025-06-28,198484,apple iphone,Смартфоны,38645.121,38645.121,23885.81775,Daily OTS 38645.12 > Q3 + 1.5*IQR = 23885.82
3972185637577204576,2025-06-29,198484,apple iphone,Смартфоны,33486.764,33486.764,26369.74275,Daily OTS 33486.76 > Q3 + 1.5*IQR = 26369.74
5197166057798798210,2025-06-29,198484,apple iphone,Смартфоны,29775.116,29775.116,26369.74275,Daily OTS 29775.12 > Q3 + 1.5*IQR = 26369.74
6052843423965704693,2025-06-29,198484,apple iphone,Смартфоны,64146.186,64146.186,26369.74275,Daily OTS 64146.19 > Q3 + 1.5*IQR = 26369.74
6557248473360856796,2025-06-29,198484,apple iphone,Смартфоны,37021.155,37021.155,26369.74275,Daily OTS 37021.15 > Q3 + 1.5*IQR = 26369.74
8511817191720792833,2025-06-29,198484,apple iphone,Смартфоны,42058.245,42058.245,26369.74275,Daily OTS 42058.25 > Q3 + 1.5*IQR = 26369.74
1008811907659198081,2025-06-30,198484,apple iphone,Смартфоны,54937.475999999995,54937.475999999995,29510.27825,Daily OTS 54937.48 > Q3 + 1.5*IQR = 29510.28
1306055277490834051,2025-06-30,198484,apple iphone,Смартфоны,41617.088,41617.088,29510.27825,Daily OTS 41617.09 > Q3 + 1.5*IQR = 29510.28
1585271561337030686,2025-06-30,198484,apple iphone,Смартфоны,30752.564,30752.564,29510.27825,Daily OTS 30752.56 > Q3 + 1.5*IQR = 29510.28
2738194092690289087,2025-06-30,198484,apple iphone,Смартфоны,250339.06200000003,250339.06200000003,29510.27825,Daily OTS 250339.06 > Q3 + 1.5*IQR = 29510.28
4548647573216187331,2025-06-30,198484,apple iphone,Смартфоны,135241.668,135241.668,29510.27825,Daily OTS 135241.67 > Q3 + 1.5*IQR = 29510.28
6052843423965704794,2025-06-30,198484,apple iphone,Смартфоны,87952.207,87952.207,29510.27825,Daily OTS 87952.21 > Q3 + 1.5*IQR = 29510.28
7998400403885849124,2025-06-30,198484,apple iphone,Смартфоны,39375.567,39375.567,29510.27825,Daily OTS 39375.57 > Q3 + 1.5*IQR = 29510.28
3467783037797019533,2025-06-14,199228,акс,Дезодоранты,14426.238,14426.238,14356.427000000001,Daily OTS 14426.24 > Q3 + 1.5*IQR = 14356.43
1585271561337014587,2025-06-16,199228,акс,Дезодоранты,13075.345,13075.345,7003.826374999999,Daily OTS 13075.34 > Q3 + 1.5*IQR = 7003.83
225335593580788480,2025-06-08,199814,befree,Одежда,12707.89,12707.89,5241.813,Daily OTS 12707.89 > Q3 + 1.5*IQR = 5241.81
1585271561337001691,2025-06-27,199833,beko,Крупная техника,138379.768,138379.768,16019.844000000001,Daily OTS 138379.77 > Q3 + 1.5*IQR = 16019.84
7358893773874615425,2025-06-02,200770,brandfree,Универсальные чистящие средства,6029.496,6029.496,5914.9304999999995,Daily OTS 6029.50 > Q3 + 1.5*IQR = 5914.93
1585271561336999721,2025-06-10,200770,brandfree,Универсальные чистящие средства,40698.306000000004,40698.306000000004,15542.712500000001,Daily OTS 40698.31 > Q3 + 1.5*IQR = 15542.71
7719181970776511680,2025-06-10,200770,brandfree,Универсальные чистящие средства,34918.95,34918.95,15542.712500000001,Daily OTS 34918.95 > Q3 + 1.5*IQR = 15542.71
9007204635750639287,2025-06-28,200770,brandfree,Универсальные чистящие средства,26748.412,26748.412,13850.286,Daily OTS 26748.41 > Q3 + 1.5*IQR = 13850.29
8007412236336259136,2025-06-26,201236,canon,Малая техника,27442.335,27442.335,11009.018,Daily OTS 27442.33 > Q3 + 1.5*IQR = 11009.02
504410216844887574,2025-06-06,201581,chappi,Корм для собак,43463.907,43463.907,15274.932499999999,Daily OTS 43463.91 > Q3 + 1.5*IQR = 15274.93
2315718326334908096,2025-06-03,202423,crocs,Обувь,56454.64,56454.64,17136.7725,Daily OTS 56454.64 > Q3 + 1.5*IQR = 17136.77
3972183818959580032,2025-06-03,202423,crocs,Обувь,40643.236,40643.236,17136.7725,Daily OTS 40643.24 > Q3 + 1.5*IQR = 17136.77
5629511854270500800,2025-06-03,202423,crocs,Обувь,84821.96100000001,84821.96100000001,17136.7725,Daily OTS 84821.96 > Q3 + 1.5*IQR = 17136.77
7719180632607324117,2025-06-04,202423,crocs,Обувь,18350.02,18350.02,12855.5535,Daily OTS 18350.02 > Q3 + 1.5*IQR = 12855.55
1585271561336730962,2025-06-05,202423,crocs,Обувь,9080.115,9080.115,8005.068374999998,Daily OTS 9080.11 > Q3 + 1.5*IQR = 8005.07
441361688982364355,2025-06-06,202423,crocs,Обувь,16350.152,16350.152,14397.660625,Daily OTS 16350.15 > Q3 + 1.5*IQR = 14397.66
2233792637557835906,2025-06-06,202423,crocs,Обувь,23449.774,23449.774,14397.660625,Daily OTS 23449.77 > Q3 + 1.5*IQR = 14397.66
2458976577495921193,2025-06-06,202423,crocs,Обувь,15453.164,15453.164,14397.660625,Daily OTS 15453.16 > Q3 + 1.5*IQR = 14397.66
1585271561336985866,2025-06-07,202423,crocs,Обувь,57430.596,57430.596,23118.002125,Daily OTS 57430.60 > Q3 + 1.5*IQR = 23118.00
1451738962565949888,2025-06-08,202423,crocs,Обувь,33614.997,33614.997,10829.199,Daily OTS 33615.00 > Q3 + 1.5*IQR = 10829.20
1585271561336946807,2025-06-08,202423,crocs,Обувь,11966.118,11966.118,10829.199,Daily OTS 11966.12 > Q3 + 1.5*IQR = 10829.20
1585271561337042922,2025-06-08,202423,crocs,Обувь,26539.832,26539.832,10829.199,Daily OTS 26539.83 > Q3 + 1.5*IQR = 10829.20
5557453419725369300,2025-06-09,202423,crocs,Обувь,11780.762,11780.762,10243.215625,Daily OTS 11780.76 > Q3 + 1.5*IQR = 10243.22
8007412031770014786,2025-06-10,202423,crocs,Обувь,31146.663,31146.663,16855.29425,Daily OTS 31146.66 > Q3 + 1.5*IQR = 16855.29
8791033531835245126,2025-06-10,202423,crocs,Обувь,32411.14,32411.14,16855.29425,Daily OTS 32411.14 > Q3 + 1.5*IQR = 16855.29
4404532838566919552,2025-06-11,202423,crocs,Обувь,19334.87,19334.87,15894.39125,Daily OTS 19334.87 > Q3 + 1.5*IQR = 15894.39
7576476778608295233,2025-06-11,202423,crocs,Обувь,18576.948,18576.948,15894.39125,Daily OTS 18576.95 > Q3 + 1.5*IQR = 15894.39
5034735006848,2025-06-12,202423,crocs,Обувь,12279.246,12279.246,10809.160999999998,Daily OTS 12279.25 > Q3 + 1.5*IQR = 10809.16
7575065682304820290,2025-06-12,202423,crocs,Обувь,21110.874,21110.874,10809.160999999998,Daily OTS 21110.87 > Q3 + 1.5*IQR = 10809.16
81077505949382145,2025-06-13,202423,crocs,Обувь,21336.112,21336.112,19466.90775,Daily OTS 21336.11 > Q3 + 1.5*IQR = 19466.91
1810455936995143616,2025-06-13,202423,crocs,Обувь,30877.23,30877.23,19466.90775,Daily OTS 30877.23 > Q3 + 1.5*IQR = 19466.91
2738194092690289029,2025-06-14,202423,crocs,Обувь,84856.992,84856.992,12626.76075,Daily OTS 84856.99 > Q3 + 1.5*IQR = 12626.76
2747206538927418458,2025-06-14,202423,crocs,Обувь,27407.477999999996,27407.477999999996,12626.76075,Daily OTS 27407.48 > Q3 + 1.5*IQR = 12626.76
2738194092690289029,2025-06-15,202423,crocs,Обувь,57059.86,57059.86,23045.331,Daily OTS 57059.86 > Q3 + 1.5*IQR = 23045.33
7998400403885850012,2025-06-17,202423,crocs,Обувь,20362.5,20362.5,11735.4035,Daily OTS 20362.50 > Q3 + 1.5*IQR = 11735.40
1585271561336946807,2025-06-18,202423,crocs,Обувь,11107.258,11107.258,7602.442625,Daily OTS 11107.26 > Q3 + 1.5*IQR = 7602.44
1585271561336997690,2025-06-20,202423,crocs,Обувь,11463.535,11463.535,9441.519249999998,Daily OTS 11463.53 > Q3 + 1.5*IQR = 9441.52
2244144434469039809,2025-06-20,202423,crocs,Обувь,17834.16,17834.16,9441.519249999998,Daily OTS 17834.16 > Q3 + 1.5*IQR = 9441.52
4611691438142762186,2025-06-21,202423,crocs,Обувь,8978.581,8978.581,6980.0244999999995,Daily OTS 8978.58 > Q3 + 1.5*IQR = 6980.02
6052843423965704814,2025-06-21,202423,crocs,Обувь,7504.3,7504.3,6980.0244999999995,Daily OTS 7504.30 > Q3 + 1.5*IQR = 6980.02
6350087783588513984,2025-06-21,202423,crocs,Обувь,8162.902,8162.902,6980.0244999999995,Daily OTS 8162.90 > Q3 + 1.5*IQR = 6980.02
7791241212634245504,2025-06-22,202423,crocs,Обувь,55232.548,55232.548,16505.038875,Daily OTS 55232.55 > Q3 + 1.5*IQR = 16505.04
4980991965168188033,2025-06-23,202423,crocs,Обувь,13490.599,13490.599,9494.043875,Daily OTS 13490.60 > Q3 + 1.5*IQR = 9494.04
8142515912690094339,2025-06-23,202423,crocs,Обувь,40157.372,40157.372,9494.043875,Daily OTS 40157.37 > Q3 + 1.5*IQR = 9494.04
5188154264055124614,2025-06-25,202423,crocs,Обувь,30908.625,30908.625,25069.534,Daily OTS 30908.62 > Q3 + 1.5*IQR = 25069.53
3098483602160404038,2025-06-28,202423,crocs,Обувь,20355.15,20355.15,13240.696499999998,Daily OTS 20355.15 > Q3 + 1.5*IQR = 13240.70
1585271561336714584,2025-06-29,202423,crocs,Обувь,9770.784,9770.784,8393.502499999999,Daily OTS 9770.78 > Q3 + 1.5*IQR = 8393.50
3900130006549141184,2025-06-29,202423,crocs,Обувь,10517.389,10517.389,8393.502499999999,Daily OTS 10517.39 > Q3 + 1.5*IQR = 8393.50
6341074104264854075,2025-06-29,202423,crocs,Обувь,20600.988,20600.988,8393.502499999999,Daily OTS 20600.99 > Q3 + 1.5*IQR = 8393.50
8863090172069209728,2025-06-01,204459,estel,Краски для волос,10482.686,10482.686,6702.641750000001,Daily OTS 10482.69 > Q3 + 1.5*IQR = 6702.64
6052843423965704248,2025-06-11,204459,estel,Средства для волос,10679.373,10679.373,8195.5585,Daily OTS 10679.37 > Q3 + 1.5*IQR = 8195.56
1513217089771005832,2025-06-18,204501,eucerin,Средства для умывания и ухода за лицом,10944.325,10944.325,9680.6385,Daily OTS 10944.33 > Q3 + 1.5*IQR = 9680.64
5414405334764342208,2025-06-17,204747,fairy,Средства для мытья посуды,14556.798,14556.798,12017.717499999999,Daily OTS 14556.80 > Q3 + 1.5*IQR = 12017.72
6566259520606639428,2025-06-02,204933,felix (корм),Корм для кошек,11555.122,11555.122,9530.386750000001,Daily OTS 11555.12 > Q3 + 1.5*IQR = 9530.39
3467783911479848960,2025-06-03,204933,felix (корм),Корм для кошек,11145.044,11145.044,8488.1125,Daily OTS 11145.04 > Q3 + 1.5*IQR = 8488.11
5260209347646343066,2025-06-10,204933,felix (корм),Корм для кошек,9584.328,9584.328,7878.951750000001,Daily OTS 9584.33 > Q3 + 1.5*IQR = 7878.95
360293909705804580,2025-06-23,204933,felix (корм),Корм для кошек,18823.574,18823.574,15284.6965,Daily OTS 18823.57 > Q3 + 1.5*IQR = 15284.70
6052843423965704734,2025-06-30,204933,felix (корм),Корм для кошек,8826.083999999999,8826.083999999999,8425.292875,Daily OTS 8826.08 > Q3 + 1.5*IQR = 8425.29
1585271561336924298,2025-06-02,205948,gefest (бытовая техника),Крупная техника,47262.024,47262.024,13334.8485,Daily OTS 47262.02 > Q3 + 1.5*IQR = 13334.85
1585271561337000302,2025-06-02,205948,gefest (бытовая техника),Крупная техника,17934.444,17934.444,13334.8485,Daily OTS 17934.44 > Q3 + 1.5*IQR = 13334.85
7070663956211116160,2025-06-07,206252,gloria jeans,Одежда,11201.466,11201.466,6725.619499999999,Daily OTS 11201.47 > Q3 + 1.5*IQR = 6725.62
5269222877690299218,2025-06-16,206252,gloria jeans,Одежда,18134.424,18134.424,11376.81725,Daily OTS 18134.42 > Q3 + 1.5*IQR = 11376.82
8872102557463947648,2025-06-17,206252,gloria jeans,Одежда,25448.703,25448.703,25420.56525,Daily OTS 25448.70 > Q3 + 1.5*IQR = 25420.57
4107288419676846091,2025-06-21,206252,gloria jeans,Одежда,24487.675,24487.675,23216.427000000003,Daily OTS 24487.67 > Q3 + 1.5*IQR = 23216.43
7719180632607324117,2025-06-29,206252,gloria jeans,Одежда,4768.236,4768.236,3544.915625,Daily OTS 4768.24 > Q3 + 1.5*IQR = 3544.92
6998872468341592896,2025-06-04,206402,google pixel,Смартфоны,83212.197,83212.197,19091.678,Daily OTS 83212.20 > Q3 + 1.5*IQR = 19091.68
3035439740714155136,2025-06-06,206402,google pixel,Смартфоны,11524.911,11524.911,5503.3305,Daily OTS 11524.91 > Q3 + 1.5*IQR = 5503.33
6998872468341592896,2025-06-11,206402,google pixel,Смартфоны,27706.824,27706.824,11308.989375,Daily OTS 27706.82 > Q3 + 1.5*IQR = 11308.99
1585271561336969923,2025-06-18,206402,google pixel,Смартфоны,13023.703,13023.703,7994.756500000001,Daily OTS 13023.70 > Q3 + 1.5*IQR = 7994.76
3891115984388077661,2025-06-29,206402,google pixel,Смартфоны,36610.683,36610.683,7501.44925,Daily OTS 36610.68 > Q3 + 1.5*IQR = 7501.45
2233791780476071135,2025-06-29,206519,grass,Товары для стирки,34430.724,34430.724,18101.058750000004,Daily OTS 34430.72 > Q3 + 1.5*IQR = 18101.06
1585271561336985149,2025-06-09,206519,grass,Универсальные чистящие средства,12371.733,12371.733,8363.8665,Daily OTS 12371.73 > Q3 + 1.5*IQR = 8363.87
3242598857385037050,2025-06-10,206519,grass,Универсальные чистящие средства,8302.584,8302.584,6184.959000000001,Daily OTS 8302.58 > Q3 + 1.5*IQR = 6184.96
5629511306838413568,2025-06-12,206519,grass,Универсальные чистящие средства,22809.734,22809.734,13826.358,Daily OTS 22809.73 > Q3 + 1.5*IQR = 13826.36
2963380775332160449,2025-06-26,206519,grass,Универсальные чистящие средства,6432.234,6432.234,5826.661,Daily OTS 6432.23 > Q3 + 1.5*IQR = 5826.66
3323668325271603393,2025-06-03,206804,haier,Крупная техника,25848.585,25848.585,13617.322500000002,Daily OTS 25848.58 > Q3 + 1.5*IQR = 13617.32
8430746051069922433,2025-06-08,206804,haier,Крупная техника,25670.786,25670.786,8075.924999999999,Daily OTS 25670.79 > Q3 + 1.5*IQR = 8075.92
1585271561336628314,2025-06-09,206804,haier,Крупная техника,24052.16,24052.16,7023.1685,Daily OTS 24052.16 > Q3 + 1.5*IQR = 7023.17
1883240920244414016,2025-06-10,206804,haier,Крупная техника,21743.008,21743.008,8661.857,Daily OTS 21743.01 > Q3 + 1.5*IQR = 8661.86
6052843423965704462,2025-06-11,206804,haier,Крупная техника,21968.614,21968.614,16414.723875,Daily OTS 21968.61 > Q3 + 1.5*IQR = 16414.72
1585271561336628314,2025-06-16,206804,haier,Крупная техника,23162.662,23162.662,6897.321125,Daily OTS 23162.66 > Q3 + 1.5*IQR = 6897.32
7719181970776511680,2025-06-17,206804,haier,Крупная техника,31054.004999999997,31054.004999999997,12425.234499999999,Daily OTS 31054.00 > Q3 + 1.5*IQR = 12425.23
1585271561337001691,2025-06-26,206804,haier,Крупная техника,70996.491,70996.491,7020.9002500000015,Daily OTS 70996.49 > Q3 + 1.5*IQR = 7020.90
8142515282311849090,2025-06-30,206804,haier,Крупная техника,8390.939,8390.939,4887.875624999999,Daily OTS 8390.94 > Q3 + 1.5*IQR = 4887.88
8935147025123495532,2025-06-14,207447,honor,Смарт-часы и браслеты,11794.681,11794.681,6491.4065,Daily OTS 11794.68 > Q3 + 1.5*IQR = 6491.41
792639191900656642,2025-06-01,207447,honor,Смартфоны,23660.314,23660.314,12651.050625,Daily OTS 23660.31 > Q3 + 1.5*IQR = 12651.05
1306806058556077568,2025-06-01,207447,honor,Смартфоны,285217.91000000003,285217.91000000003,12651.050625,Daily OTS 285217.91 > Q3 + 1.5*IQR = 12651.05
6485190696845707603,2025-06-01,207447,honor,Смартфоны,33447.501,33447.501,12651.050625,Daily OTS 33447.50 > Q3 + 1.5*IQR = 12651.05
1306806058556077568,2025-06-02,207447,honor,Смартфоны,361926.60400000005,361926.60400000005,15466.173625,Daily OTS 361926.60 > Q3 + 1.5*IQR = 15466.17
6134031440866582528,2025-06-02,207447,honor,Смартфоны,18179.052,18179.052,15466.173625,Daily OTS 18179.05 > Q3 + 1.5*IQR = 15466.17
1306806058556077568,2025-06-03,207447,honor,Смартфоны,254045.88,254045.88,18977.499000000003,Daily OTS 254045.88 > Q3 + 1.5*IQR = 18977.50
2089675984079929177,2025-06-03,207447,honor,Смартфоны,22369.454999999998,22369.454999999998,18977.499000000003,Daily OTS 22369.45 > Q3 + 1.5*IQR = 18977.50
4261580498707044544,2025-06-04,207447,honor,Смартфоны,31383.745,31383.745,10704.673124999998,Daily OTS 31383.74 > Q3 + 1.5*IQR = 10704.67
5260209176225692826,2025-06-04,207447,honor,Смартфоны,41250.138,41250.138,10704.673124999998,Daily OTS 41250.14 > Q3 + 1.5*IQR = 10704.67
5764614858704116186,2025-06-04,207447,honor,Смартфоны,32451.308999999997,32451.308999999997,10704.673124999998,Daily OTS 32451.31 > Q3 + 1.5*IQR = 10704.67
1306806058556077568,2025-06-05,207447,honor,Смартфоны,28075.003,28075.003,27596.23725,Daily OTS 28075.00 > Q3 + 1.5*IQR = 27596.24
5764614858704116186,2025-06-05,207447,honor,Смартфоны,39089.152,39089.152,27596.23725,Daily OTS 39089.15 > Q3 + 1.5*IQR = 27596.24
1954572816503618427,2025-06-06,207447,honor,Смартфоны,22772.924,22772.924,14068.213,Daily OTS 22772.92 > Q3 + 1.5*IQR = 14068.21
3251611063009621249,2025-06-06,207447,honor,Смартфоны,19023.204,19023.204,14068.213,Daily OTS 19023.20 > Q3 + 1.5*IQR = 14068.21
5764614858704116186,2025-06-06,207447,honor,Смартфоны,18639.046,18639.046,14068.213,Daily OTS 18639.05 > Q3 + 1.5*IQR = 14068.21
1585271561336723110,2025-06-07,207447,honor,Смартфоны,21699.785000000003,21699.785000000003,20393.732250000005,Daily OTS 21699.79 > Q3 + 1.5*IQR = 20393.73
1585271561336950266,2025-06-07,207447,honor,Смартфоны,34954.35,34954.35,20393.732250000005,Daily OTS 34954.35 > Q3 + 1.5*IQR = 20393.73
2089675984079929177,2025-06-07,207447,honor,Смартфоны,28739.464,28739.464,20393.732250000005,Daily OTS 28739.46 > Q3 + 1.5*IQR = 20393.73
7854284809238590800,2025-06-07,207447,honor,Смартфоны,53902.326,53902.326,20393.732250000005,Daily OTS 53902.33 > Q3 + 1.5*IQR = 20393.73
1513216560753935319,2025-06-08,207447,honor,Смартфоны,61762.992,61762.992,14668.764,Daily OTS 61762.99 > Q3 + 1.5*IQR = 14668.76
6854489498627102104,2025-06-09,207447,honor,Смартфоны,52799.404,52799.404,16332.627999999997,Daily OTS 52799.40 > Q3 + 1.5*IQR = 16332.63
8070458324181978240,2025-06-09,207447,honor,Смартфоны,33726.988,33726.988,16332.627999999997,Daily OTS 33726.99 > Q3 + 1.5*IQR = 16332.63
1585271561336642047,2025-06-10,207447,honor,Смартфоны,28264.192,28264.192,15891.326499999997,Daily OTS 28264.19 > Q3 + 1.5*IQR = 15891.33
3035438258777611137,2025-06-10,207447,honor,Смартфоны,22647.126,22647.126,15891.326499999997,Daily OTS 22647.13 > Q3 + 1.5*IQR = 15891.33
1585271561336642047,2025-06-12,207447,honor,Смартфоны,35887.05,35887.05,16386.311999999998,Daily OTS 35887.05 > Q3 + 1.5*IQR = 16386.31
1810459314961883392,2025-06-12,207447,honor,Смартфоны,24014.688,24014.688,16386.311999999998,Daily OTS 24014.69 > Q3 + 1.5*IQR = 16386.31
5629511450608996289,2025-06-13,207447,honor,Смартфоны,25619.248,25619.248,18187.849000000002,Daily OTS 25619.25 > Q3 + 1.5*IQR = 18187.85
3467783911479855681,2025-06-14,207447,honor,Смартфоны,27173.576,27173.576,21228.557999999997,Daily OTS 27173.58 > Q3 + 1.5*IQR = 21228.56
8935147025123495532,2025-06-14,207447,honor,Смартфоны,70768.08600000001,70768.08600000001,21228.557999999997,Daily OTS 70768.09 > Q3 + 1.5*IQR = 21228.56
8935147025123495532,2025-06-15,207447,honor,Смартфоны,15879.314999999999,15879.314999999999,15016.586,Daily OTS 15879.31 > Q3 + 1.5*IQR = 15016.59
9079264895077392192,2025-06-15,207447,honor,Смартфоны,15036.601,15036.601,15016.586,Daily OTS 15036.60 > Q3 + 1.5*IQR = 15016.59
4261580498707044544,2025-06-16,207447,honor,Смартфоны,53707.661,53707.661,18682.58,Daily OTS 53707.66 > Q3 + 1.5*IQR = 18682.58
875163993763721408,2025-06-17,207447,honor,Смартфоны,71146.614,71146.614,22929.721875000003,Daily OTS 71146.61 > Q3 + 1.5*IQR = 22929.72
1585271561336866220,2025-06-17,207447,honor,Смартфоны,23537.442000000003,23537.442000000003,22929.721875000003,Daily OTS 23537.44 > Q3 + 1.5*IQR = 22929.72
2963380814038309056,2025-06-17,207447,honor,Смартфоны,52602.515999999996,52602.515999999996,22929.721875000003,Daily OTS 52602.52 > Q3 + 1.5*IQR = 22929.72
7791239100327164288,2025-06-17,207447,honor,Смартфоны,23608.42,23608.42,22929.721875000003,Daily OTS 23608.42 > Q3 + 1.5*IQR = 22929.72
360293909705804778,2025-06-18,207447,honor,Смартфоны,35022.84,35022.84,28743.381,Daily OTS 35022.84 > Q3 + 1.5*IQR = 28743.38
8214573661547136012,2025-06-18,207447,honor,Смартфоны,31903.872,31903.872,28743.381,Daily OTS 31903.87 > Q3 + 1.5*IQR = 28743.38
1585271561336985149,2025-06-20,207447,honor,Смартфоны,67191.14499999999,67191.14499999999,20479.047625000003,Daily OTS 67191.14 > Q3 + 1.5*IQR = 20479.05
2748907845476333312,2025-06-20,207447,honor,Смартфоны,21058.13,21058.13,20479.047625000003,Daily OTS 21058.13 > Q3 + 1.5*IQR = 20479.05
1585271561336985149,2025-06-21,207447,honor,Смартфоны,24231.838,24231.838,21892.884499999996,Daily OTS 24231.84 > Q3 + 1.5*IQR = 21892.88
4035232106963127754,2025-06-21,207447,honor,Смартфоны,47950.013999999996,47950.013999999996,21892.884499999996,Daily OTS 47950.01 > Q3 + 1.5*IQR = 21892.88
4261580498707044544,2025-06-21,207447,honor,Смартфоны,63043.805,63043.805,21892.884499999996,Daily OTS 63043.81 > Q3 + 1.5*IQR = 21892.88
8214571128982578588,2025-06-21,207447,honor,Смартфоны,27892.348,27892.348,21892.884499999996,Daily OTS 27892.35 > Q3 + 1.5*IQR = 21892.88
1585271561336985149,2025-06-22,207447,honor,Смартфоны,35821.695,35821.695,28579.284625000004,Daily OTS 35821.69 > Q3 + 1.5*IQR = 28579.28
288238151495840641,2025-06-23,207447,honor,Смартфоны,24313.2,24313.2,18316.818,Daily OTS 24313.20 > Q3 + 1.5*IQR = 18316.82
4404534342618501632,2025-06-23,207447,honor,Смартфоны,45062.915,45062.915,18316.818,Daily OTS 45062.92 > Q3 + 1.5*IQR = 18316.82
5197165831092178176,2025-06-23,207447,honor,Смартфоны,23090.997,23090.997,18316.818,Daily OTS 23091.00 > Q3 + 1.5*IQR = 18316.82
8791033531835244932,2025-06-24,207447,honor,Смартфоны,31452.54,31452.54,16696.472875,Daily OTS 31452.54 > Q3 + 1.5*IQR = 16696.47
8007412236336258369,2025-06-25,207447,honor,Смартфоны,46785.222,46785.222,18535.533124999998,Daily OTS 46785.22 > Q3 + 1.5*IQR = 18535.53
3468718719298082880,2025-06-26,207447,honor,Смартфоны,22794.028,22794.028,13200.1515,Daily OTS 22794.03 > Q3 + 1.5*IQR = 13200.15
4332978302823900801,2025-06-26,207447,honor,Смартфоны,17505.868,17505.868,13200.1515,Daily OTS 17505.87 > Q3 + 1.5*IQR = 13200.15
6711292803523302144,2025-06-26,207447,honor,Смартфоны,23623.929,23623.929,13200.1515,Daily OTS 23623.93 > Q3 + 1.5*IQR = 13200.15
1585271561337043459,2025-06-27,207447,honor,Смартфоны,32204.850000000002,32204.850000000002,14126.4465,Daily OTS 32204.85 > Q3 + 1.5*IQR = 14126.45
1585271561337043459,2025-06-28,207447,honor,Смартфоны,31664.82,31664.82,16202.40925,Daily OTS 31664.82 > Q3 + 1.5*IQR = 16202.41
3035438502080357056,2025-06-29,207447,honor,Смартфоны,17028.179,17028.179,15665.285875000001,Daily OTS 17028.18 > Q3 + 1.5*IQR = 15665.29
4035232106963127754,2025-06-29,207447,honor,Смартфоны,32131.64,32131.64,15665.285875000001,Daily OTS 32131.64 > Q3 + 1.5*IQR = 15665.29
1585271561337043459,2025-06-30,207447,honor,Смартфоны,30855.989999999998,30855.989999999998,10743.96125,Daily OTS 30855.99 > Q3 + 1.5*IQR = 10743.96
5034735007817,2025-06-02,207543,huawei,Смарт-часы и браслеты,47631.573000000004,47631.573000000004,42128.19175,Daily OTS 47631.57 > Q3 + 1.5*IQR = 42128.19
8214571128982578588,2025-06-03,207543,huawei,Смарт-часы и браслеты,21417.88,21417.88,9905.813999999998,Daily OTS 21417.88 > Q3 + 1.5*IQR = 9905.81
2305848744076623408,2025-06-05,207543,huawei,Смарт-часы и браслеты,24333.881999999998,24333.881999999998,8684.261999999999,Daily OTS 24333.88 > Q3 + 1.5*IQR = 8684.26
6917536153237304648,2025-06-05,207543,huawei,Смарт-часы и браслеты,13742.652,13742.652,8684.261999999999,Daily OTS 13742.65 > Q3 + 1.5*IQR = 8684.26
2305848744076623408,2025-06-06,207543,huawei,Смарт-часы и браслеты,8077.642,8077.642,4670.404,Daily OTS 8077.64 > Q3 + 1.5*IQR = 4670.40
5034735007817,2025-06-11,207543,huawei,Смарт-часы и браслеты,21766.245,21766.245,16845.333,Daily OTS 21766.24 > Q3 + 1.5*IQR = 16845.33
7286835588169424727,2025-06-12,207543,huawei,Смарт-часы и браслеты,34139.39,34139.39,20170.532875000004,Daily OTS 34139.39 > Q3 + 1.5*IQR = 20170.53
3963175104584408256,2025-06-18,207543,huawei,Смарт-часы и браслеты,30978.822,30978.822,27639.91425,Daily OTS 30978.82 > Q3 + 1.5*IQR = 27639.91
2963380775332161280,2025-06-20,207543,huawei,Смарт-часы и браслеты,67591.839,67591.839,24493.771499999995,Daily OTS 67591.84 > Q3 + 1.5*IQR = 24493.77
1585271561336724068,2025-06-21,207543,huawei,Смарт-часы и браслеты,7858.84,7858.84,5794.81625,Daily OTS 7858.84 > Q3 + 1.5*IQR = 5794.82
2963380775332161280,2025-06-22,207543,huawei,Смарт-часы и браслеты,57908.778,57908.778,5349.611124999999,Daily OTS 57908.78 > Q3 + 1.5*IQR = 5349.61
6701361217345429307,2025-06-23,207543,huawei,Смарт-часы и браслеты,52644.99600000001,52644.99600000001,47577.687000000005,Daily OTS 52645.00 > Q3 + 1.5*IQR = 47577.69
5413337214202464315,2025-06-25,207543,huawei,Смарт-часы и браслеты,10657.16,10657.16,6417.9735,Daily OTS 10657.16 > Q3 + 1.5*IQR = 6417.97
1306806058556077568,2025-06-01,207543,huawei,Смартфоны,57043.582,57043.582,10445.610250000002,Daily OTS 57043.58 > Q3 + 1.5*IQR = 10445.61
1306806058556077568,2025-06-03,207543,huawei,Смартфоны,56454.64,56454.64,15113.896375,Daily OTS 56454.64 > Q3 + 1.5*IQR = 15113.90
6052843423965704118,2025-06-04,207543,huawei,Смартфоны,34481.25,34481.25,19986.82475,Daily OTS 34481.25 > Q3 + 1.5*IQR = 19986.82
6701361217345430046,2025-06-05,207543,huawei,Смартфоны,6567.92,6567.92,4535.8735,Daily OTS 6567.92 > Q3 + 1.5*IQR = 4535.87
2305848744076623408,2025-06-06,207543,huawei,Смартфоны,28271.747,28271.747,23830.3565,Daily OTS 28271.75 > Q3 + 1.5*IQR = 23830.36
4908937353777220800,2025-06-07,207543,huawei,Смартфоны,7245.792,7245.792,6646.773999999999,Daily OTS 7245.79 > Q3 + 1.5*IQR = 6646.77
8502804186997688729,2025-06-08,207543,huawei,Смартфоны,23156.985,23156.985,5828.32375,Daily OTS 23156.99 > Q3 + 1.5*IQR = 5828.32
1585271561336807123,2025-06-11,207543,huawei,Смартфоны,12720.571,12720.571,9171.710624999998,Daily OTS 12720.57 > Q3 + 1.5*IQR = 9171.71
6052843423965704109,2025-06-12,207543,huawei,Смартфоны,14943.033,14943.033,12185.891,Daily OTS 14943.03 > Q3 + 1.5*IQR = 12185.89
369305952269615221,2025-06-13,207543,huawei,Смартфоны,27415.68,27415.68,17243.39025,Daily OTS 27415.68 > Q3 + 1.5*IQR = 17243.39
369305952269615221,2025-06-14,207543,huawei,Смартфоны,36646.83,36646.83,16400.689875,Daily OTS 36646.83 > Q3 + 1.5*IQR = 16400.69
1873503251789431953,2025-06-14,207543,huawei,Смартфоны,16720.452,16720.452,16400.689875,Daily OTS 16720.45 > Q3 + 1.5*IQR = 16400.69
3611898983435468929,2025-06-15,207543,huawei,Смартфоны,22891.594,22891.594,14240.56125,Daily OTS 22891.59 > Q3 + 1.5*IQR = 14240.56
369305952269615221,2025-06-16,207543,huawei,Смартфоны,12905.298,12905.298,5639.995499999999,Daily OTS 12905.30 > Q3 + 1.5*IQR = 5640.00
4908937353777222208,2025-06-16,207543,huawei,Смартфоны,9453.873,9453.873,5639.995499999999,Daily OTS 9453.87 > Q3 + 1.5*IQR = 5640.00
1873514873511094208,2025-06-19,207543,huawei,Смартфоны,41419.174999999996,41419.174999999996,16888.956874999996,Daily OTS 41419.17 > Q3 + 1.5*IQR = 16888.96
4899922101829706131,2025-06-20,207543,huawei,Смартфоны,17005.602,17005.602,16779.167999999998,Daily OTS 17005.60 > Q3 + 1.5*IQR = 16779.17
4980991965168188033,2025-06-20,207543,huawei,Смартфоны,17705.597,17705.597,16779.167999999998,Daily OTS 17705.60 > Q3 + 1.5*IQR = 16779.17
5269222877690299145,2025-06-22,207543,huawei,Смартфоны,26657.718,26657.718,13761.596375000001,Daily OTS 26657.72 > Q3 + 1.5*IQR = 13761.60
1585271561336877696,2025-06-24,207543,huawei,Смартфоны,12558.862,12558.862,9154.8435,Daily OTS 12558.86 > Q3 + 1.5*IQR = 9154.84
1585271561337020061,2025-06-24,207543,huawei,Смартфоны,16430.2,16430.2,9154.8435,Daily OTS 16430.20 > Q3 + 1.5*IQR = 9154.84
1954573939019829248,2025-06-24,207543,huawei,Смартфоны,13941.084,13941.084,9154.8435,Daily OTS 13941.08 > Q3 + 1.5*IQR = 9154.84
4035232106963127754,2025-06-25,207543,huawei,Смартфоны,16195.356,16195.356,13124.519499999999,Daily OTS 16195.36 > Q3 + 1.5*IQR = 13124.52
4404532838566918914,2025-06-25,207543,huawei,Смартфоны,16913.764,16913.764,13124.519499999999,Daily OTS 16913.76 > Q3 + 1.5*IQR = 13124.52
4035232106963127754,2025-06-26,207543,huawei,Смартфоны,24283.779,24283.779,4238.378000000001,Daily OTS 24283.78 > Q3 + 1.5*IQR = 4238.38
6269016405102144656,2025-06-26,207543,huawei,Смартфоны,4785.339,4785.339,4238.378000000001,Daily OTS 4785.34 > Q3 + 1.5*IQR = 4238.38
1657331923961798658,2025-06-27,207543,huawei,Смартфоны,8337.68,8337.68,7792.012124999999,Daily OTS 8337.68 > Q3 + 1.5*IQR = 7792.01
1585271561336928857,2025-06-29,207543,huawei,Смартфоны,17894.614999999998,17894.614999999998,12714.399000000001,Daily OTS 17894.61 > Q3 + 1.5*IQR = 12714.40
4035232106963127754,2025-06-29,207543,huawei,Смартфоны,16065.82,16065.82,12714.399000000001,Daily OTS 16065.82 > Q3 + 1.5*IQR = 12714.40
1585271561336619618,2025-06-30,207543,huawei,Смартфоны,43798.896,43798.896,12378.069500000001,Daily OTS 43798.90 > Q3 + 1.5*IQR = 12378.07
1585271561337028235,2025-06-19,207558,huggies,Подгузники,26266.308,26266.308,10926.4995,Daily OTS 26266.31 > Q3 + 1.5*IQR = 10926.50
5034735006958,2025-06-20,207558,huggies,Подгузники,9653.092,9653.092,6035.05325,Daily OTS 9653.09 > Q3 + 1.5*IQR = 6035.05
5629511854270500800,2025-06-26,207558,huggies,Подгузники,27934.359,27934.359,11092.02875,Daily OTS 27934.36 > Q3 + 1.5*IQR = 11092.03
657540071955486912,2025-06-29,207558,huggies,Подгузники,27512.532,27512.532,11313.381875,Daily OTS 27512.53 > Q3 + 1.5*IQR = 11313.38
6566258848326415630,2025-06-02,207724,icon skin,Средства для умывания и ухода за лицом,12843.19,12843.19,10470.6905,Daily OTS 12843.19 > Q3 + 1.5*IQR = 10470.69
3467784160333701762,2025-06-13,207902,indesit,Крупная техника,23228.87,23228.87,7696.519,Daily OTS 23228.87 > Q3 + 1.5*IQR = 7696.52
936754186446803894,2025-06-01,207943,infinix,Смартфоны,10580.645,10580.645,6666.715999999999,Daily OTS 10580.65 > Q3 + 1.5*IQR = 6666.72
1729388141130525804,2025-06-01,207943,infinix,Смартфоны,7217.251,7217.251,6666.715999999999,Daily OTS 7217.25 > Q3 + 1.5*IQR = 6666.72
4827866083748768960,2025-06-01,207943,infinix,Смартфоны,11274.504,11274.504,6666.715999999999,Daily OTS 11274.50 > Q3 + 1.5*IQR = 6666.72
2098690509497977664,2025-06-02,207943,infinix,Смартфоны,23327.706,23327.706,17141.805,Daily OTS 23327.71 > Q3 + 1.5*IQR = 17141.81
8935148650840696065,2025-06-03,207943,infinix,Смартфоны,19280.772,19280.772,9048.274,Daily OTS 19280.77 > Q3 + 1.5*IQR = 9048.27
6629304165209877395,2025-06-04,207943,infinix,Смартфоны,11127.235,11127.235,10469.512999999999,Daily OTS 11127.24 > Q3 + 1.5*IQR = 10469.51
6783798661000274688,2025-06-04,207943,infinix,Смартфоны,14769.786,14769.786,10469.512999999999,Daily OTS 14769.79 > Q3 + 1.5*IQR = 10469.51
1513216560753935319,2025-06-05,207943,infinix,Смартфоны,21843.347999999998,21843.347999999998,13809.546,Daily OTS 21843.35 > Q3 + 1.5*IQR = 13809.55
1585271561336987845,2025-06-06,207943,infinix,Смартфоны,32936.002,32936.002,11041.438999999998,Daily OTS 32936.00 > Q3 + 1.5*IQR = 11041.44
1729388141130525804,2025-06-08,207943,infinix,Смартфоны,12801.62,12801.62,9033.033500000001,Daily OTS 12801.62 > Q3 + 1.5*IQR = 9033.03
936756002501340111,2025-06-09,207943,infinix,Смартфоны,61232.229,61232.229,13884.524875,Daily OTS 61232.23 > Q3 + 1.5*IQR = 13884.52
1585271561336959874,2025-06-09,207943,infinix,Смартфоны,22407.515,22407.515,13884.524875,Daily OTS 22407.51 > Q3 + 1.5*IQR = 13884.52
1585271561336642047,2025-06-12,207943,infinix,Смартфоны,17943.525,17943.525,17663.782625,Daily OTS 17943.53 > Q3 + 1.5*IQR = 17663.78
5701568878757408000,2025-06-13,207943,infinix,Смартфоны,15889.274,15889.274,14133.883625,Daily OTS 15889.27 > Q3 + 1.5*IQR = 14133.88
8727990074356780608,2025-06-15,207943,infinix,Смартфоны,16567.88,16567.88,12121.351499999999,Daily OTS 16567.88 > Q3 + 1.5*IQR = 12121.35
8935147025123495532,2025-06-15,207943,infinix,Смартфоны,15879.314999999999,15879.314999999999,12121.351499999999,Daily OTS 15879.31 > Q3 + 1.5*IQR = 12121.35
1585271561336969686,2025-06-16,207943,infinix,Смартфоны,63690.916,63690.916,17388.2655,Daily OTS 63690.92 > Q3 + 1.5*IQR = 17388.27
1585271561337051837,2025-06-16,207943,infinix,Смартфоны,18095.331,18095.331,17388.2655,Daily OTS 18095.33 > Q3 + 1.5*IQR = 17388.27
6413133404652387490,2025-06-16,207943,infinix,Смартфоны,36594.747,36594.747,17388.2655,Daily OTS 36594.75 > Q3 + 1.5*IQR = 17388.27
2738194092690289085,2025-06-17,207943,infinix,Смартфоны,21100.584,21100.584,19289.45175,Daily OTS 21100.58 > Q3 + 1.5*IQR = 19289.45
1585271561336856398,2025-06-18,207943,infinix,Смартфоны,19968.113999999998,19968.113999999998,15808.813,Daily OTS 19968.11 > Q3 + 1.5*IQR = 15808.81
3828751370547352448,2025-06-18,207943,infinix,Смартфоны,16150.077,16150.077,15808.813,Daily OTS 16150.08 > Q3 + 1.5*IQR = 15808.81
1594285565167033075,2025-06-19,207943,infinix,Смартфоны,25001.256,25001.256,24254.0145,Daily OTS 25001.26 > Q3 + 1.5*IQR = 24254.01
8367698818594834445,2025-06-19,207943,infinix,Смартфоны,50579.276,50579.276,24254.0145,Daily OTS 50579.28 > Q3 + 1.5*IQR = 24254.01
1594285565167033075,2025-06-21,207943,infinix,Смартфоны,16556.456000000002,16556.456000000002,9198.78975,Daily OTS 16556.46 > Q3 + 1.5*IQR = 9198.79
8214571128982578588,2025-06-21,207943,infinix,Смартфоны,13946.174,13946.174,9198.78975,Daily OTS 13946.17 > Q3 + 1.5*IQR = 9198.79
1585271561337043287,2025-06-22,207943,infinix,Смартфоны,34942.676,34942.676,32990.632375,Daily OTS 34942.68 > Q3 + 1.5*IQR = 32990.63
7215494154939420416,2025-06-23,207943,infinix,Смартфоны,38724.852,38724.852,13297.071750000001,Daily OTS 38724.85 > Q3 + 1.5*IQR = 13297.07
5629511959330150785,2025-06-24,207943,infinix,Смартфоны,6344.116,6344.116,5900.848,Daily OTS 6344.12 > Q3 + 1.5*IQR = 5900.85
3035438529728160640,2025-06-25,207943,infinix,Смартфоны,32844.564,32844.564,15119.947250000001,Daily OTS 32844.56 > Q3 + 1.5*IQR = 15119.95
2305848744076622577,2025-06-28,207943,infinix,Смартфоны,36745.167,36745.167,16828.753000000004,Daily OTS 36745.17 > Q3 + 1.5*IQR = 16828.75
8214571128982578588,2025-06-28,207943,infinix,Смартфоны,20934.372,20934.372,16828.753000000004,Daily OTS 20934.37 > Q3 + 1.5*IQR = 16828.75
1306054984423598601,2025-06-29,207943,infinix,Смартфоны,30004.785000000003,30004.785000000003,17210.5855,Daily OTS 30004.79 > Q3 + 1.5*IQR = 17210.59
1729390231323623488,2025-06-30,207943,infinix,Смартфоны,99437.42,99437.42,29690.124375,Daily OTS 99437.42 > Q3 + 1.5*IQR = 29690.12
2233792637557835906,2025-06-30,207943,infinix,Смартфоны,33068.004,33068.004,29690.124375,Daily OTS 33068.00 > Q3 + 1.5*IQR = 29690.12
1585271561337053954,2025-06-01,208375,jbl (аудиотехника),Аудиотехника,8781.777,8781.777,8329.272500000001,Daily OTS 8781.78 > Q3 + 1.5*IQR = 8329.27
1585271561337053954,2025-06-02,208375,jbl (аудиотехника),Аудиотехника,14674.414999999999,14674.414999999999,12245.3505,Daily OTS 14674.41 > Q3 + 1.5*IQR = 12245.35
6629304165209877741,2025-06-02,208375,jbl (аудиотехника),Аудиотехника,126099.407,126099.407,12245.3505,Daily OTS 126099.41 > Q3 + 1.5*IQR = 12245.35
6999716893271764032,2025-06-02,208375,jbl (аудиотехника),Аудиотехника,17938.622,17938.622,12245.3505,Daily OTS 17938.62 > Q3 + 1.5*IQR = 12245.35
4107288419676846156,2025-06-03,208375,jbl (аудиотехника),Аудиотехника,14064.068,14064.068,10374.282374999999,Daily OTS 14064.07 > Q3 + 1.5*IQR = 10374.28
8935148960500688000,2025-06-03,208375,jbl (аудиотехника),Аудиотехника,31007.793,31007.793,10374.282374999999,Daily OTS 31007.79 > Q3 + 1.5*IQR = 10374.28
4188358369920039902,2025-06-05,208375,jbl (аудиотехника),Аудиотехника,12771.638,12771.638,6526.562250000002,Daily OTS 12771.64 > Q3 + 1.5*IQR = 6526.56
4188358369920039902,2025-06-06,208375,jbl (аудиотехника),Аудиотехника,23095.884,23095.884,16125.465750000001,Daily OTS 23095.88 > Q3 + 1.5*IQR = 16125.47
513442094523561152,2025-06-12,208375,jbl (аудиотехника),Аудиотехника,18981.787,18981.787,14335.9135,Daily OTS 18981.79 > Q3 + 1.5*IQR = 14335.91
6422145316800824449,2025-06-16,208375,jbl (аудиотехника),Аудиотехника,20394.678,20394.678,19349.2945,Daily OTS 20394.68 > Q3 + 1.5*IQR = 19349.29
4188358369920040000,2025-06-17,208375,jbl (аудиотехника),Аудиотехника,18895.476,18895.476,18076.530500000004,Daily OTS 18895.48 > Q3 + 1.5*IQR = 18076.53
7070664730355258752,2025-06-17,208375,jbl (аудиотехника),Аудиотехника,18912.244,18912.244,18076.530500000004,Daily OTS 18912.24 > Q3 + 1.5*IQR = 18076.53
4188358369920040000,2025-06-18,208375,jbl (аудиотехника),Аудиотехника,20428.654,20428.654,11550.430500000002,Daily OTS 20428.65 > Q3 + 1.5*IQR = 11550.43
6206256011372936832,2025-06-18,208375,jbl (аудиотехника),Аудиотехника,12353.278,12353.278,11550.430500000002,Daily OTS 12353.28 > Q3 + 1.5*IQR = 11550.43
1585271561337040624,2025-06-19,208375,jbl (аудиотехника),Аудиотехника,70468.22899999999,70468.22899999999,24586.48025,Daily OTS 70468.23 > Q3 + 1.5*IQR = 24586.48
1585271561337040624,2025-06-21,208375,jbl (аудиотехника),Аудиотехника,16646.046,16646.046,9622.141,Daily OTS 16646.05 > Q3 + 1.5*IQR = 9622.14
1585271561336776582,2025-06-23,208375,jbl (аудиотехника),Аудиотехника,12913.74,12913.74,12488.768249999997,Daily OTS 12913.74 > Q3 + 1.5*IQR = 12488.77
6196958805535046283,2025-06-23,208375,jbl (аудиотехника),Аудиотехника,47305.1,47305.1,12488.768249999997,Daily OTS 47305.10 > Q3 + 1.5*IQR = 12488.77
6566258848326450200,2025-06-25,208375,jbl (аудиотехника),Аудиотехника,22229.488,22229.488,16638.157124999998,Daily OTS 22229.49 > Q3 + 1.5*IQR = 16638.16
2954367870147816203,2025-06-30,208375,jbl (аудиотехника),Аудиотехника,31956.372,31956.372,20088.146500000003,Daily OTS 31956.37 > Q3 + 1.5*IQR = 20088.15
8367700322646866753,2025-06-05,208807,karcher,Малая техника,23030.35,23030.35,10497.656750000002,Daily OTS 23030.35 > Q3 + 1.5*IQR = 10497.66
2458979132178470400,2025-06-02,208810,kari,Обувь,6666.794,6666.794,5660.6230000000005,Daily OTS 6666.79 > Q3 + 1.5*IQR = 5660.62
6341074104264852173,2025-06-08,208810,kari,Обувь,10419.53,10419.53,9869.057499999999,Daily OTS 10419.53 > Q3 + 1.5*IQR = 9869.06
6341074104264852173,2025-06-09,208810,kari,Обувь,25973.868,25973.868,10820.516000000001,Daily OTS 25973.87 > Q3 + 1.5*IQR = 10820.52
1585274468154760705,2025-06-10,208810,kari,Обувь,10268.635,10268.635,7541.28125,Daily OTS 10268.64 > Q3 + 1.5*IQR = 7541.28
5476384795035394075,2025-06-11,208810,kari,Обувь,11799.733,11799.733,11370.201125,Daily OTS 11799.73 > Q3 + 1.5*IQR = 11370.20
3901257438148375808,2025-06-13,208810,kari,Обувь,28133.535,28133.535,21228.326875000002,Daily OTS 28133.53 > Q3 + 1.5*IQR = 21228.33
8718974580309866977,2025-06-14,208810,kari,Обувь,7315.617,7315.617,6782.703124999998,Daily OTS 7315.62 > Q3 + 1.5*IQR = 6782.70
8223585134570190914,2025-06-22,208810,kari,Обувь,15702.916,15702.916,10564.553999999998,Daily OTS 15702.92 > Q3 + 1.5*IQR = 10564.55
2305848744076622153,2025-06-24,208810,kari,Обувь,6585.708,6585.708,3757.8647499999997,Daily OTS 6585.71 > Q3 + 1.5*IQR = 3757.86
1585271561336746720,2025-06-25,208810,kari,Обувь,8411.3,8411.3,5563.545999999999,Daily OTS 8411.30 > Q3 + 1.5*IQR = 5563.55
1585271561336969570,2025-06-26,208810,kari,Обувь,17235.003,17235.003,9129.141875,Daily OTS 17235.00 > Q3 + 1.5*IQR = 9129.14
5116096277414528843,2025-06-28,208810,kari,Обувь,11053.854,11053.854,6571.384625000001,Daily OTS 11053.85 > Q3 + 1.5*IQR = 6571.38
7719181970776511680,2025-06-29,208810,kari,Обувь,6975.216,6975.216,5920.9825,Daily OTS 6975.22 > Q3 + 1.5*IQR = 5920.98
2675150653541831553,2025-06-30,208810,kari,Обувь,7447.15,7447.15,3460.857000000001,Daily OTS 7447.15 > Q3 + 1.5*IQR = 3460.86
5188154264055125152,2025-06-01,209227,kitfort,Малая техника,11082.009,11082.009,7024.286,Daily OTS 11082.01 > Q3 + 1.5*IQR = 7024.29
8935148960500687426,2025-06-05,209227,kitfort,Малая техника,9026.128,9026.128,6385.798499999998,Daily OTS 9026.13 > Q3 + 1.5*IQR = 6385.80
2233802556162053506,2025-06-06,209227,kitfort,Малая техника,26845.811999999998,26845.811999999998,26148.745,Daily OTS 26845.81 > Q3 + 1.5*IQR = 26148.74
2963380775332161089,2025-06-11,209227,kitfort,Малая техника,3784.741,3784.741,2431.1579999999994,Daily OTS 3784.74 > Q3 + 1.5*IQR = 2431.16
792639191900656642,2025-06-16,209227,kitfort,Малая техника,23570.24,23570.24,20457.074500000002,Daily OTS 23570.24 > Q3 + 1.5*IQR = 20457.07
1657332156207575424,2025-06-20,209227,kitfort,Малая техника,25947.274,25947.274,19455.5335,Daily OTS 25947.27 > Q3 + 1.5*IQR = 19455.53
2377906299442911070,2025-06-30,209227,kitfort,Малая техника,34430.223,34430.223,29931.525,Daily OTS 34430.22 > Q3 + 1.5*IQR = 29931.53
6557248561836698767,2025-06-13,209895,lancome,Средства для маникюра,27980.146,27980.146,12975.284750000003,Daily OTS 27980.15 > Q3 + 1.5*IQR = 12975.28
2017618760585038672,2025-06-23,209895,lancome,Средства для маникюра,7153.314,7153.314,7148.599999999999,Daily OTS 7153.31 > Q3 + 1.5*IQR = 7148.60
801651201304655618,2025-06-01,210322,lg,Крупная техника,21213.23,21213.23,15916.19025,Daily OTS 21213.23 > Q3 + 1.5*IQR = 15916.19
1585271561337053502,2025-06-05,210322,lg,Крупная техника,6511.301,6511.301,4176.837000000001,Daily OTS 6511.30 > Q3 + 1.5*IQR = 4176.84
1585271561337053502,2025-06-11,210322,lg,Крупная техника,27288.054,27288.054,24857.229124999998,Daily OTS 27288.05 > Q3 + 1.5*IQR = 24857.23
1585271561337053502,2025-06-14,210322,lg,Крупная техника,18184.992,18184.992,11511.03775,Daily OTS 18184.99 > Q3 + 1.5*IQR = 11511.04
6061856445285913217,2025-06-14,210322,lg,Крупная техника,13025.432,13025.432,11511.03775,Daily OTS 13025.43 > Q3 + 1.5*IQR = 11511.04
1585271561336634007,2025-06-15,210322,lg,Крупная техника,24594.89,24594.89,13379.431499999999,Daily OTS 24594.89 > Q3 + 1.5*IQR = 13379.43
4332475200292245888,2025-06-18,210322,lg,Крупная техника,13082.428,13082.428,5580.839750000001,Daily OTS 13082.43 > Q3 + 1.5*IQR = 5580.84
4332475200292245888,2025-06-20,210322,lg,Крупная техника,14000.76,14000.76,8334.622000000001,Daily OTS 14000.76 > Q3 + 1.5*IQR = 8334.62
1585271561337041337,2025-06-22,210322,lg,Крупная техника,53616.636,53616.636,21095.811875,Daily OTS 53616.64 > Q3 + 1.5*IQR = 21095.81
2305848744076622362,2025-06-23,210322,lg,Крупная техника,24283.331,24283.331,17663.014499999997,Daily OTS 24283.33 > Q3 + 1.5*IQR = 17663.01
1585271561337001691,2025-06-25,210322,lg,Крупная техника,70991.292,70991.292,5951.041,Daily OTS 70991.29 > Q3 + 1.5*IQR = 5951.04
1738401046313161600,2025-06-26,210322,lg,Крупная техника,20370.606,20370.606,17759.168625,Daily OTS 20370.61 > Q3 + 1.5*IQR = 17759.17
1873504623131540673,2025-06-28,210322,lg,Крупная техника,49716.07800000001,49716.07800000001,19267.8375,Daily OTS 49716.08 > Q3 + 1.5*IQR = 19267.84
8070458324181978690,2025-06-29,210322,lg,Крупная техника,22627.38,22627.38,11902.0615,Daily OTS 22627.38 > Q3 + 1.5*IQR = 11902.06
1008811791543195049,2025-06-30,210322,lg,Крупная техника,24338.278,24338.278,13124.055,Daily OTS 24338.28 > Q3 + 1.5*IQR = 13124.06
1585271561337010551,2025-06-22,210440,lime (одежда),Одежда,21187.166,21187.166,8857.222,Daily OTS 21187.17 > Q3 + 1.5*IQR = 8857.22
5270923432208053120,2025-06-13,211450,marvis,Уход за полостью рта,27734.597,27734.597,12951.566999999995,Daily OTS 27734.60 > Q3 + 1.5*IQR = 12951.57
7070663956211113984,2025-06-29,212359,mixit,Средства для волос,28450.646,28450.646,8452.318000000001,Daily OTS 28450.65 > Q3 + 1.5*IQR = 8452.32
5125154805357923008,2025-06-09,213360,new balance,Обувь,7025.351,7025.351,5044.269,Daily OTS 7025.35 > Q3 + 1.5*IQR = 5044.27
3251612677654324864,2025-06-15,213360,new balance,Обувь,37991.214,37991.214,18884.223749999997,Daily OTS 37991.21 > Q3 + 1.5*IQR = 18884.22
5269223972552621314,2025-06-01,213474,nike,Обувь,72661.20599999999,72661.20599999999,40807.561,Daily OTS 72661.21 > Q3 + 1.5*IQR = 40807.56
225608272464491072,2025-06-02,213474,nike,Обувь,74966.995,74966.995,18878.964500000002,Daily OTS 74966.99 > Q3 + 1.5*IQR = 18878.96
5260212023980595118,2025-06-03,213474,nike,Обувь,18167.772,18167.772,9203.36175,Daily OTS 18167.77 > Q3 + 1.5*IQR = 9203.36
648524241621891017,2025-06-05,213474,nike,Обувь,27297.074,27297.074,22736.148999999998,Daily OTS 27297.07 > Q3 + 1.5*IQR = 22736.15
7782225973962771416,2025-06-08,213474,nike,Обувь,25814.379,25814.379,15860.542250000002,Daily OTS 25814.38 > Q3 + 1.5*IQR = 15860.54
3179555360094856128,2025-06-09,213474,nike,Обувь,23297.71,23297.71,12113.4935,Daily OTS 23297.71 > Q3 + 1.5*IQR = 12113.49
7782225973962771416,2025-06-09,213474,nike,Обувь,251358.88999999998,251358.88999999998,12113.4935,Daily OTS 251358.89 > Q3 + 1.5*IQR = 12113.49
1585271561336917724,2025-06-10,213474,nike,Обувь,23525.02,23525.02,16691.8845,Daily OTS 23525.02 > Q3 + 1.5*IQR = 16691.88
3098483602160404120,2025-06-13,213474,nike,Обувь,11545.53,11545.53,8702.7355,Daily OTS 11545.53 > Q3 + 1.5*IQR = 8702.74
5188154264055125162,2025-06-13,213474,nike,Обувь,9502.204,9502.204,8702.7355,Daily OTS 9502.20 > Q3 + 1.5*IQR = 8702.74
7782225973962771416,2025-06-14,213474,nike,Обувь,15617.936,15617.936,9075.0645,Daily OTS 15617.94 > Q3 + 1.5*IQR = 9075.06
1523321506755270400,2025-06-17,213474,nike,Обувь,32562.128,32562.128,18714.61625,Daily OTS 32562.13 > Q3 + 1.5*IQR = 18714.62
5332267584642577280,2025-06-17,213474,nike,Обувь,27895.435,27895.435,18714.61625,Daily OTS 27895.44 > Q3 + 1.5*IQR = 18714.62
7782225973962771416,2025-06-19,213474,nike,Обувь,83241.06,83241.06,25206.935375,Daily OTS 83241.06 > Q3 + 1.5*IQR = 25206.94
1522327548243721536,2025-06-21,213474,nike,Обувь,51705.561,51705.561,21177.61325,Daily OTS 51705.56 > Q3 + 1.5*IQR = 21177.61
3901257438148375808,2025-06-21,213474,nike,Обувь,28114.728,28114.728,21177.61325,Daily OTS 28114.73 > Q3 + 1.5*IQR = 21177.61
7782225973962771416,2025-06-21,213474,nike,Обувь,25892.862,25892.862,21177.61325,Daily OTS 25892.86 > Q3 + 1.5*IQR = 21177.61
7782225973962771416,2025-06-23,213474,nike,Обувь,49963.966,49963.966,7841.453999999999,Daily OTS 49963.97 > Q3 + 1.5*IQR = 7841.45
4260416422919966855,2025-06-25,213474,nike,Обувь,46123.895000000004,46123.895000000004,32080.047000000002,Daily OTS 46123.90 > Q3 + 1.5*IQR = 32080.05
4260416422919966855,2025-06-26,213474,nike,Обувь,35397.36,35397.36,11499.17625,Daily OTS 35397.36 > Q3 + 1.5*IQR = 11499.18
7926341023773842837,2025-06-29,213474,nike,Обувь,31248.411,31248.411,16143.506500000001,Daily OTS 31248.41 > Q3 + 1.5*IQR = 16143.51
2098690033949114112,2025-06-30,213474,nike,Обувь,36436.376,36436.376,5829.70025,Daily OTS 36436.38 > Q3 + 1.5*IQR = 5829.70
8800699037240317312,2025-06-07,213474,nike,Одежда,70300.269,70300.269,40315.303,Daily OTS 70300.27 > Q3 + 1.5*IQR = 40315.30
226944985535436544,2025-06-08,213474,nike,Одежда,30220.356,30220.356,22969.384999999995,Daily OTS 30220.36 > Q3 + 1.5*IQR = 22969.38
7430951296027745216,2025-06-09,213474,nike,Одежда,17796.17,17796.17,11063.997749999999,Daily OTS 17796.17 > Q3 + 1.5*IQR = 11064.00
1091468501617997632,2025-06-10,213474,nike,Одежда,29002.016,29002.016,20622.46,Daily OTS 29002.02 > Q3 + 1.5*IQR = 20622.46
875138280095426112,2025-06-15,213474,nike,Одежда,8020.063,8020.063,6856.3585,Daily OTS 8020.06 > Q3 + 1.5*IQR = 6856.36
8872102557463947648,2025-06-17,213474,nike,Одежда,76346.109,76346.109,6234.5265,Daily OTS 76346.11 > Q3 + 1.5*IQR = 6234.53
4260416422919966855,2025-06-29,213474,nike,Одежда,24470.85,24470.85,9598.237000000001,Daily OTS 24470.85 > Q3 + 1.5*IQR = 9598.24
2963379536701494156,2025-06-09,213619,nokia,Смартфоны,20455.458,20455.458,17759.427,Daily OTS 20455.46 > Q3 + 1.5*IQR = 17759.43
6341074104264849939,2025-06-13,213619,nokia,Смартфоны,26707.684,26707.684,12398.0415,Daily OTS 26707.68 > Q3 + 1.5*IQR = 12398.04
1585271561337022332,2025-06-03,214142,oneplus,Смартфоны,49365.316000000006,49365.316000000006,48968.410875,Daily OTS 49365.32 > Q3 + 1.5*IQR = 48968.41
1585271561336967196,2025-06-04,214142,oneplus,Смартфоны,24886.52,24886.52,16939.404625000003,Daily OTS 24886.52 > Q3 + 1.5*IQR = 16939.40
5764614858704116186,2025-06-04,214142,oneplus,Смартфоны,21634.206,21634.206,16939.404625000003,Daily OTS 21634.21 > Q3 + 1.5*IQR = 16939.40
8502804186997688729,2025-06-07,214142,oneplus,Смартфоны,92554.65000000001,92554.65000000001,46212.099500000004,Daily OTS 92554.65 > Q3 + 1.5*IQR = 46212.10
5764614858704116186,2025-06-09,214142,oneplus,Смартфоны,14442.759,14442.759,9311.575250000002,Daily OTS 14442.76 > Q3 + 1.5*IQR = 9311.58
1585271561337025775,2025-06-21,214142,oneplus,Смартфоны,23830.216,23830.216,5693.264499999999,Daily OTS 23830.22 > Q3 + 1.5*IQR = 5693.26
3828751370547352448,2025-06-26,214142,oneplus,Смартфоны,16616.463,16616.463,8316.417749999999,Daily OTS 16616.46 > Q3 + 1.5*IQR = 8316.42
5764614858704116186,2025-06-28,214142,oneplus,Смартфоны,79925.09400000001,79925.09400000001,14889.61025,Daily OTS 79925.09 > Q3 + 1.5*IQR = 14889.61
5270835593220710144,2025-06-29,214142,oneplus,Смартфоны,10487.032,10487.032,9854.865000000002,Daily OTS 10487.03 > Q3 + 1.5*IQR = 9854.87
1585271561336662224,2025-06-01,214199,oppo (электроника),Смартфоны,11307.23,11307.23,10505.658249999999,Daily OTS 11307.23 > Q3 + 1.5*IQR = 10505.66
6629304165209877148,2025-06-09,214199,oppo (электроника),Смартфоны,8379.012,8379.012,5169.0795,Daily OTS 8379.01 > Q3 + 1.5*IQR = 5169.08
1513216560753935319,2025-06-15,214199,oppo (электроника),Смартфоны,24413.139,24413.139,24385.222875,Daily OTS 24413.14 > Q3 + 1.5*IQR = 24385.22
1585271561336660303,2025-06-15,214199,oppo (электроника),Смартфоны,27147.327,27147.327,24385.222875,Daily OTS 27147.33 > Q3 + 1.5*IQR = 24385.22
3828751370547352448,2025-06-21,214199,oppo (электроника),Смартфоны,33569.97,33569.97,8533.982750000001,Daily OTS 33569.97 > Q3 + 1.5*IQR = 8533.98
1585271561336969570,2025-06-22,214199,oppo (электроника),Смартфоны,30689.938,30689.938,16471.36175,Daily OTS 30689.94 > Q3 + 1.5*IQR = 16471.36
1585271561336969570,2025-06-23,214199,oppo (электроника),Смартфоны,17220.358,17220.358,12874.814875,Daily OTS 17220.36 > Q3 + 1.5*IQR = 12874.81
5764614858704116186,2025-06-27,214199,oppo (электроника),Смартфоны,44029.515,44029.515,17606.512375,Daily OTS 44029.51 > Q3 + 1.5*IQR = 17606.51
1585271561337043459,2025-06-30,214199,oppo (электроника),Смартфоны,35998.655,35998.655,21561.9525,Daily OTS 35998.65 > Q3 + 1.5*IQR = 21561.95
432351254888983589,2025-06-25,214236,oralb,Малая техника,116290.902,116290.902,6774.664500000001,Daily OTS 116290.90 > Q3 + 1.5*IQR = 6774.66
1585271561336704203,2025-06-01,214544,pampers,Подгузники,25178.098,25178.098,23171.057500000003,Daily OTS 25178.10 > Q3 + 1.5*IQR = 23171.06
1585271561337006097,2025-06-02,214544,pampers,Подгузники,7775.902,7775.902,6718.74025,Daily OTS 7775.90 > Q3 + 1.5*IQR = 6718.74
1738403280270865088,2025-06-03,214544,pampers,Подгузники,16312.384,16312.384,13971.8395,Daily OTS 16312.38 > Q3 + 1.5*IQR = 13971.84
1450170178027016605,2025-06-05,214544,pampers,Подгузники,7817.191,7817.191,7754.32775,Daily OTS 7817.19 > Q3 + 1.5*IQR = 7754.33
5629511854270500800,2025-06-08,214544,pampers,Подгузники,27913.971,27913.971,22798.189000000002,Daily OTS 27913.97 > Q3 + 1.5*IQR = 22798.19
6196960147642319177,2025-06-10,214544,pampers,Подгузники,7896.633,7896.633,7673.908125,Daily OTS 7896.63 > Q3 + 1.5*IQR = 7673.91
8935147025123496246,2025-06-10,214544,pampers,Подгузники,14698.653,14698.653,7673.908125,Daily OTS 14698.65 > Q3 + 1.5*IQR = 7673.91
3819059496266608833,2025-06-14,214544,pampers,Подгузники,23486.604,23486.604,7685.424499999999,Daily OTS 23486.60 > Q3 + 1.5*IQR = 7685.42
1585271561337036299,2025-06-16,214544,pampers,Подгузники,56123.594,56123.594,38236.55712499999,Daily OTS 56123.59 > Q3 + 1.5*IQR = 38236.56
1585271561337037325,2025-06-16,214544,pampers,Подгузники,41266.374,41266.374,38236.55712499999,Daily OTS 41266.37 > Q3 + 1.5*IQR = 38236.56
3819059905448884510,2025-06-17,214544,pampers,Подгузники,28643.12,28643.12,5997.056875,Daily OTS 28643.12 > Q3 + 1.5*IQR = 5997.06
1585271561336631758,2025-06-19,214544,pampers,Подгузники,9481.974,9481.974,9343.761375,Daily OTS 9481.97 > Q3 + 1.5*IQR = 9343.76
5413337214202459316,2025-06-19,214544,pampers,Подгузники,11266.688,11266.688,9343.761375,Daily OTS 11266.69 > Q3 + 1.5*IQR = 9343.76
8944162424173818048,2025-06-24,214544,pampers,Подгузники,25675.686,25675.686,10610.6005,Daily OTS 25675.69 > Q3 + 1.5*IQR = 10610.60
1738403280270865088,2025-06-29,214544,pampers,Подгузники,44219.24,44219.24,32473.344749999997,Daily OTS 44219.24 > Q3 + 1.5*IQR = 32473.34
3819059496266608833,2025-06-29,214544,pampers,Подгузники,54083.34,54083.34,32473.344749999997,Daily OTS 54083.34 > Q3 + 1.5*IQR = 32473.34
2458977252122155712,2025-06-30,214544,pampers,Подгузники,12433.978,12433.978,9789.194500000001,Daily OTS 12433.98 > Q3 + 1.5*IQR = 9789.19
4692759896965140290,2025-06-02,214973,philips,Малая техника,161227.84,161227.84,39268.68375,Daily OTS 161227.84 > Q3 + 1.5*IQR = 39268.68
4692759896965140290,2025-06-03,214973,philips,Малая техника,80256.392,80256.392,9876.406,Daily OTS 80256.39 > Q3 + 1.5*IQR = 9876.41
4692759896965140290,2025-06-04,214973,philips,Малая техника,40091.604,40091.604,10657.302,Daily OTS 40091.60 > Q3 + 1.5*IQR = 10657.30
4692759896965140290,2025-06-11,214973,philips,Малая техника,41539.092,41539.092,20471.908750000002,Daily OTS 41539.09 > Q3 + 1.5*IQR = 20471.91
1585271561336993873,2025-06-17,214973,philips,Малая техника,6945.765,6945.765,6678.1995,Daily OTS 6945.77 > Q3 + 1.5*IQR = 6678.20
1585271561336970540,2025-06-20,214973,philips,Малая техника,16022.807999999999,16022.807999999999,14769.847999999998,Daily OTS 16022.81 > Q3 + 1.5*IQR = 14769.85
4692759896965140290,2025-06-23,214973,philips,Малая техника,23330.566,23330.566,12398.751,Daily OTS 23330.57 > Q3 + 1.5*IQR = 12398.75
4692759896965140290,2025-06-24,214973,philips,Малая техника,23229.768,23229.768,21869.273500000003,Daily OTS 23229.77 > Q3 + 1.5*IQR = 21869.27
1513216533926154380,2025-06-28,214973,philips,Малая техника,10501.122,10501.122,9631.39475,Daily OTS 10501.12 > Q3 + 1.5*IQR = 9631.39
1585271561336746677,2025-06-29,214973,philips,Малая техника,49981.98,49981.98,24128.7085,Daily OTS 49981.98 > Q3 + 1.5*IQR = 24128.71
657536477715567505,2025-06-01,215234,poco,Смартфоны,24040.050000000003,24040.050000000003,17895.8715,Daily OTS 24040.05 > Q3 + 1.5*IQR = 17895.87
1306806058556077568,2025-06-01,215234,poco,Смартфоны,85565.373,85565.373,17895.8715,Daily OTS 85565.37 > Q3 + 1.5*IQR = 17895.87
1585271561336695864,2025-06-01,215234,poco,Смартфоны,23751.957000000002,23751.957000000002,17895.8715,Daily OTS 23751.96 > Q3 + 1.5*IQR = 17895.87
1306806058556077568,2025-06-02,215234,poco,Смартфоны,27840.508,27840.508,8861.6695,Daily OTS 27840.51 > Q3 + 1.5*IQR = 8861.67
1585271561336695864,2025-06-02,215234,poco,Смартфоны,17470.72,17470.72,8861.6695,Daily OTS 17470.72 > Q3 + 1.5*IQR = 8861.67
1585271561336940537,2025-06-02,215234,poco,Смартфоны,79383.05099999999,79383.05099999999,8861.6695,Daily OTS 79383.05 > Q3 + 1.5*IQR = 8861.67
576467810957597286,2025-06-03,215234,poco,Смартфоны,18818.728,18818.728,17676.994375000002,Daily OTS 18818.73 > Q3 + 1.5*IQR = 17676.99
1513216533926154380,2025-06-03,215234,poco,Смартфоны,18419.158,18419.158,17676.994375000002,Daily OTS 18419.16 > Q3 + 1.5*IQR = 17676.99
1954574044080790082,2025-06-03,215234,poco,Смартфоны,26592.321,26592.321,17676.994375000002,Daily OTS 26592.32 > Q3 + 1.5*IQR = 17676.99
3828751370547352448,2025-06-03,215234,poco,Смартфоны,50005.115999999995,50005.115999999995,17676.994375000002,Daily OTS 50005.12 > Q3 + 1.5*IQR = 17676.99
153134458553130626,2025-06-04,215234,poco,Смартфоны,16977.938,16977.938,10447.09675,Daily OTS 16977.94 > Q3 + 1.5*IQR = 10447.10
1954574044080790082,2025-06-04,215234,poco,Смартфоны,68139.304,68139.304,10447.09675,Daily OTS 68139.30 > Q3 + 1.5*IQR = 10447.10
1739855415287684224,2025-06-05,215234,poco,Смартфоны,19247.172,19247.172,8311.4535,Daily OTS 19247.17 > Q3 + 1.5*IQR = 8311.45
1954574044080790082,2025-06-05,215234,poco,Смартфоны,8542.907,8542.907,8311.4535,Daily OTS 8542.91 > Q3 + 1.5*IQR = 8311.45
6341074104264856003,2025-06-05,215234,poco,Смартфоны,13411.408,13411.408,8311.4535,Daily OTS 13411.41 > Q3 + 1.5*IQR = 8311.45
1585271561337012029,2025-06-07,215234,poco,Смартфоны,57391.29,57391.29,23695.677125000002,Daily OTS 57391.29 > Q3 + 1.5*IQR = 23695.68
8502804186997688729,2025-06-07,215234,poco,Смартфоны,205677.0,205677.0,23695.677125000002,Daily OTS 205677.00 > Q3 + 1.5*IQR = 23695.68
5332267584642577440,2025-06-09,215234,poco,Смартфоны,13243.644,13243.644,13118.226499999999,Daily OTS 13243.64 > Q3 + 1.5*IQR = 13118.23
1585271561337012029,2025-06-10,215234,poco,Смартфоны,101085.678,101085.678,18328.312749999997,Daily OTS 101085.68 > Q3 + 1.5*IQR = 18328.31
6269016405102144747,2025-06-10,215234,poco,Смартфоны,22877.3,22877.3,18328.312749999997,Daily OTS 22877.30 > Q3 + 1.5*IQR = 18328.31
5053051273388340352,2025-06-11,215234,poco,Смартфоны,28502.07,28502.07,19558.107,Daily OTS 28502.07 > Q3 + 1.5*IQR = 19558.11
6629304165209878669,2025-06-11,215234,poco,Смартфоны,31351.716,31351.716,19558.107,Daily OTS 31351.72 > Q3 + 1.5*IQR = 19558.11
3828751370547352448,2025-06-12,215234,poco,Смартфоны,20888.84,20888.84,17731.8815,Daily OTS 20888.84 > Q3 + 1.5*IQR = 17731.88
2748907845476333312,2025-06-14,215234,poco,Смартфоны,49237.17,49237.17,28714.621,Daily OTS 49237.17 > Q3 + 1.5*IQR = 28714.62
3828751370547352448,2025-06-14,215234,poco,Смартфоны,41135.07,41135.07,28714.621,Daily OTS 41135.07 > Q3 + 1.5*IQR = 28714.62
2531033574337164671,2025-06-15,215234,poco,Смартфоны,17895.336,17895.336,16747.44775,Daily OTS 17895.34 > Q3 + 1.5*IQR = 16747.45
5053051190437830144,2025-06-15,215234,poco,Смартфоны,27848.76,27848.76,16747.44775,Daily OTS 27848.76 > Q3 + 1.5*IQR = 16747.45
1585271561336736404,2025-06-16,215234,poco,Смартфоны,71960.856,71960.856,27726.284875000005,Daily OTS 71960.86 > Q3 + 1.5*IQR = 27726.28
7286835162388063688,2025-06-16,215234,poco,Смартфоны,28086.184,28086.184,27726.284875000005,Daily OTS 28086.18 > Q3 + 1.5*IQR = 27726.28
7782225973962770785,2025-06-16,215234,poco,Смартфоны,35263.196,35263.196,27726.284875000005,Daily OTS 35263.20 > Q3 + 1.5*IQR = 27726.28
1585271561336736404,2025-06-17,215234,poco,Смартфоны,53292.695999999996,53292.695999999996,33183.178875000005,Daily OTS 53292.70 > Q3 + 1.5*IQR = 33183.18
1585271561337003723,2025-06-17,215234,poco,Смартфоны,55787.684,55787.684,33183.178875000005,Daily OTS 55787.68 > Q3 + 1.5*IQR = 33183.18
6341074104264854055,2025-06-19,215234,poco,Смартфоны,18537.16,18537.16,17748.393500000006,Daily OTS 18537.16 > Q3 + 1.5*IQR = 17748.39
7719183485888315392,2025-06-19,215234,poco,Смартфоны,33689.456,33689.456,17748.393500000006,Daily OTS 33689.46 > Q3 + 1.5*IQR = 17748.39
2748907845476333312,2025-06-20,215234,poco,Смартфоны,73703.455,73703.455,18303.572,Daily OTS 73703.46 > Q3 + 1.5*IQR = 18303.57
4332476682224603648,2025-06-20,215234,poco,Смартфоны,24978.809,24978.809,18303.572,Daily OTS 24978.81 > Q3 + 1.5*IQR = 18303.57
2882311017076510594,2025-06-22,215234,poco,Смартфоны,28661.432999999997,28661.432999999997,17779.765,Daily OTS 28661.43 > Q3 + 1.5*IQR = 17779.76
3828751370547352448,2025-06-22,215234,poco,Смартфоны,45252.884,45252.884,17779.765,Daily OTS 45252.88 > Q3 + 1.5*IQR = 17779.76
7493998014236517538,2025-06-24,215234,poco,Смартфоны,20109.222,20109.222,19377.732625000004,Daily OTS 20109.22 > Q3 + 1.5*IQR = 19377.73
1739855415287684224,2025-06-25,215234,poco,Смартфоны,24213.516,24213.516,18157.915,Daily OTS 24213.52 > Q3 + 1.5*IQR = 18157.92
8007412236336258369,2025-06-25,215234,poco,Смартфоны,23392.611,23392.611,18157.915,Daily OTS 23392.61 > Q3 + 1.5*IQR = 18157.92
2954367870147816270,2025-06-26,215234,poco,Смартфоны,24185.452,24185.452,23676.199374999997,Daily OTS 24185.45 > Q3 + 1.5*IQR = 23676.20
3828751370547352448,2025-06-26,215234,poco,Смартфоны,33232.926,33232.926,23676.199374999997,Daily OTS 33232.93 > Q3 + 1.5*IQR = 23676.20
1306055918923481346,2025-06-27,215234,poco,Смартфоны,23935.139,23935.139,23186.09325,Daily OTS 23935.14 > Q3 + 1.5*IQR = 23186.09
1585271561336792168,2025-06-27,215234,poco,Смартфоны,57527.898,57527.898,23186.09325,Daily OTS 57527.90 > Q3 + 1.5*IQR = 23186.09
8655930903394015233,2025-06-27,215234,poco,Смартфоны,28008.71,28008.71,23186.09325,Daily OTS 28008.71 > Q3 + 1.5*IQR = 23186.09
1162022737893971328,2025-06-28,215234,poco,Смартфоны,28881.27,28881.27,25174.670250000003,Daily OTS 28881.27 > Q3 + 1.5*IQR = 25174.67
1585271561337043459,2025-06-28,215234,poco,Смартфоны,26387.350000000002,26387.350000000002,25174.670250000003,Daily OTS 26387.35 > Q3 + 1.5*IQR = 25174.67
1594711382926345728,2025-06-28,215234,poco,Смартфоны,80063.49,80063.49,25174.670250000003,Daily OTS 80063.49 > Q3 + 1.5*IQR = 25174.67
1306055918923481346,2025-06-29,215234,poco,Смартфоны,49609.96,49609.96,24317.849,Daily OTS 49609.96 > Q3 + 1.5*IQR = 24317.85
1306199128137519168,2025-06-29,215234,poco,Смартфоны,25314.584,25314.584,24317.849,Daily OTS 25314.58 > Q3 + 1.5*IQR = 24317.85
1585271561336792168,2025-06-29,215234,poco,Смартфоны,47679.939999999995,47679.939999999995,24317.849,Daily OTS 47679.94 > Q3 + 1.5*IQR = 24317.85
1585271561336981583,2025-06-29,215234,poco,Смартфоны,24687.551999999996,24687.551999999996,24317.849,Daily OTS 24687.55 > Q3 + 1.5*IQR = 24317.85
2954367870147816270,2025-06-29,215234,poco,Смартфоны,36825.687,36825.687,24317.849,Daily OTS 36825.69 > Q3 + 1.5*IQR = 24317.85
1585271561336914069,2025-06-30,215234,poco,Смартфоны,24518.72,24518.72,19944.945,Daily OTS 24518.72 > Q3 + 1.5*IQR = 19944.94
3035438502080357056,2025-06-30,215234,poco,Смартфоны,32861.25,32861.25,19944.945,Daily OTS 32861.25 > Q3 + 1.5*IQR = 19944.94
3397268127622014080,2025-06-30,215234,poco,Смартфоны,27644.178,27644.178,19944.945,Daily OTS 27644.18 > Q3 + 1.5*IQR = 19944.94
5260212023980595118,2025-06-30,215234,poco,Смартфоны,22369.375,22369.375,19944.945,Daily OTS 22369.38 > Q3 + 1.5*IQR = 19944.94
1585271561336695864,2025-06-01,215274,polaris (бытовая техника),Малая техника,23751.957000000002,23751.957000000002,5955.10475,Daily OTS 23751.96 > Q3 + 1.5*IQR = 5955.10
7430951976169582016,2025-06-04,215274,polaris (бытовая техника),Малая техника,22325.481,22325.481,3610.3720000000003,Daily OTS 22325.48 > Q3 + 1.5*IQR = 3610.37
6206643039465930496,2025-06-13,215274,polaris (бытовая техника),Малая техника,8994.782,8994.782,6225.575999999999,Daily OTS 8994.78 > Q3 + 1.5*IQR = 6225.58
513460228649263553,2025-06-26,215274,polaris (бытовая техника),Малая техника,11392.514,11392.514,6602.661999999999,Daily OTS 11392.51 > Q3 + 1.5*IQR = 6602.66
1585271561337020096,2025-06-01,215722,puma,Обувь,37914.94,37914.94,18197.6955,Daily OTS 37914.94 > Q3 + 1.5*IQR = 18197.70
4188358369920040000,2025-06-04,215722,puma,Обувь,34711.12,34711.12,17155.131500000003,Daily OTS 34711.12 > Q3 + 1.5*IQR = 17155.13
792639191900656782,2025-06-08,215722,puma,Обувь,18953.112,18953.112,9215.486499999999,Daily OTS 18953.11 > Q3 + 1.5*IQR = 9215.49
1585271561337020096,2025-06-15,215722,puma,Обувь,28210.806000000004,28210.806000000004,19496.6135,Daily OTS 28210.81 > Q3 + 1.5*IQR = 19496.61
3107495819638266880,2025-06-14,215761,purina one,Корм для кошек,12523.332,12523.332,8010.8755,Daily OTS 12523.33 > Q3 + 1.5*IQR = 8010.88
792639191900656642,2025-06-01,216114,realme,Смартфоны,23660.314,23660.314,18238.138375,Daily OTS 23660.31 > Q3 + 1.5*IQR = 18238.14
8214571128982578588,2025-06-01,216114,realme,Смартфоны,20899.402,20899.402,18238.138375,Daily OTS 20899.40 > Q3 + 1.5*IQR = 18238.14
1585271561336940537,2025-06-02,216114,realme,Смартфоны,55222.992,55222.992,23632.951500000003,Daily OTS 55222.99 > Q3 + 1.5*IQR = 23632.95
2089675984079929177,2025-06-03,216114,realme,Смартфоны,17895.564,17895.564,9435.961625,Daily OTS 17895.56 > Q3 + 1.5*IQR = 9435.96
2882308749924541139,2025-06-03,216114,realme,Смартфоны,24658.92,24658.92,9435.961625,Daily OTS 24658.92 > Q3 + 1.5*IQR = 9435.96
4107288419676846200,2025-06-03,216114,realme,Смартфоны,15954.26,15954.26,9435.961625,Daily OTS 15954.26 > Q3 + 1.5*IQR = 9435.96
1954574044080790082,2025-06-04,216114,realme,Смартфоны,34069.652,34069.652,13017.2285,Daily OTS 34069.65 > Q3 + 1.5*IQR = 13017.23
5197165587782267328,2025-06-04,216114,realme,Смартфоны,29982.264,29982.264,13017.2285,Daily OTS 29982.26 > Q3 + 1.5*IQR = 13017.23
5269222877690299204,2025-06-04,216114,realme,Смартфоны,75814.179,75814.179,13017.2285,Daily OTS 75814.18 > Q3 + 1.5*IQR = 13017.23
5269222877690299204,2025-06-05,216114,realme,Смартфоны,25492.784999999996,25492.784999999996,23556.962500000005,Daily OTS 25492.78 > Q3 + 1.5*IQR = 23556.96
8214571128982578588,2025-06-06,216114,realme,Смартфоны,43947.668,43947.668,20938.9795,Daily OTS 43947.67 > Q3 + 1.5*IQR = 20938.98
1161942649620631617,2025-06-07,216114,realme,Смартфоны,45573.318,45573.318,26097.7085,Daily OTS 45573.32 > Q3 + 1.5*IQR = 26097.71
9019569075743616,2025-06-08,216114,realme,Смартфоны,15345.088,15345.088,15330.157500000001,Daily OTS 15345.09 > Q3 + 1.5*IQR = 15330.16
1954573939019829505,2025-06-08,216114,realme,Смартфоны,25557.653,25557.653,15330.157500000001,Daily OTS 25557.65 > Q3 + 1.5*IQR = 15330.16
5269222877690299204,2025-06-08,216114,realme,Смартфоны,33517.359,33517.359,15330.157500000001,Daily OTS 33517.36 > Q3 + 1.5*IQR = 15330.16
1954573939019829505,2025-06-09,216114,realme,Смартфоны,27424.295,27424.295,18308.135,Daily OTS 27424.29 > Q3 + 1.5*IQR = 18308.13
1585271561336872859,2025-06-10,216114,realme,Смартфоны,14379.328,14379.328,12623.390125,Daily OTS 14379.33 > Q3 + 1.5*IQR = 12623.39
1585271561337021179,2025-06-10,216114,realme,Смартфоны,16956.72,16956.72,12623.390125,Daily OTS 16956.72 > Q3 + 1.5*IQR = 12623.39
3468921029437605568,2025-06-10,216114,realme,Смартфоны,15680.026,15680.026,12623.390125,Daily OTS 15680.03 > Q3 + 1.5*IQR = 12623.39
5764614858704116186,2025-06-10,216114,realme,Смартфоны,52706.192,52706.192,12623.390125,Daily OTS 52706.19 > Q3 + 1.5*IQR = 12623.39
2522022820172099456,2025-06-11,216114,realme,Смартфоны,19806.694,19806.694,19497.6855,Daily OTS 19806.69 > Q3 + 1.5*IQR = 19497.69
5764614858704116186,2025-06-11,216114,realme,Смартфоны,20671.802,20671.802,19497.6855,Daily OTS 20671.80 > Q3 + 1.5*IQR = 19497.69
153134419846816128,2025-06-12,216114,realme,Смартфоны,36954.426,36954.426,26481.911999999997,Daily OTS 36954.43 > Q3 + 1.5*IQR = 26481.91
1297043030334348571,2025-06-12,216114,realme,Смартфоны,46282.536,46282.536,26481.911999999997,Daily OTS 46282.54 > Q3 + 1.5*IQR = 26481.91
1297043030334348571,2025-06-13,216114,realme,Смартфоны,94220.808,94220.808,12015.606500000002,Daily OTS 94220.81 > Q3 + 1.5*IQR = 12015.61
1585271561336723110,2025-06-13,216114,realme,Смартфоны,48954.123,48954.123,12015.606500000002,Daily OTS 48954.12 > Q3 + 1.5*IQR = 12015.61
5764614858704116186,2025-06-13,216114,realme,Смартфоны,31772.406,31772.406,12015.606500000002,Daily OTS 31772.41 > Q3 + 1.5*IQR = 12015.61
6629304165209876610,2025-06-13,216114,realme,Смартфоны,23611.386000000002,23611.386000000002,12015.606500000002,Daily OTS 23611.39 > Q3 + 1.5*IQR = 12015.61
5034735007773,2025-06-14,216114,realme,Смартфоны,24805.472,24805.472,18312.46,Daily OTS 24805.47 > Q3 + 1.5*IQR = 18312.46
585481725913663553,2025-06-14,216114,realme,Смартфоны,33476.036,33476.036,18312.46,Daily OTS 33476.04 > Q3 + 1.5*IQR = 18312.46
1513216560753935319,2025-06-14,216114,realme,Смартфоны,42393.98,42393.98,18312.46,Daily OTS 42393.98 > Q3 + 1.5*IQR = 18312.46
1585271561336723110,2025-06-14,216114,realme,Смартфоны,24028.5,24028.5,18312.46,Daily OTS 24028.50 > Q3 + 1.5*IQR = 18312.46
4611694214010660315,2025-06-15,216114,realme,Смартфоны,51885.04,51885.04,24135.6215,Daily OTS 51885.04 > Q3 + 1.5*IQR = 24135.62
153134419846816128,2025-06-16,216114,realme,Смартфоны,24188.958,24188.958,22586.545750000005,Daily OTS 24188.96 > Q3 + 1.5*IQR = 22586.55
947291746421455936,2025-06-16,216114,realme,Смартфоны,28751.085000000003,28751.085000000003,22586.545750000005,Daily OTS 28751.09 > Q3 + 1.5*IQR = 22586.55
1585271561336736404,2025-06-16,216114,realme,Смартфоны,80955.963,80955.963,22586.545750000005,Daily OTS 80955.96 > Q3 + 1.5*IQR = 22586.55
1585271561336762631,2025-06-16,216114,realme,Смартфоны,43695.995,43695.995,22586.545750000005,Daily OTS 43696.00 > Q3 + 1.5*IQR = 22586.55
360293909705803919,2025-06-17,216114,realme,Смартфоны,25876.019,25876.019,24761.41975,Daily OTS 25876.02 > Q3 + 1.5*IQR = 24761.42
1585271561336736404,2025-06-17,216114,realme,Смартфоны,79939.044,79939.044,24761.41975,Daily OTS 79939.04 > Q3 + 1.5*IQR = 24761.42
3828751370547352448,2025-06-17,216114,realme,Смартфоны,50908.137,50908.137,24761.41975,Daily OTS 50908.14 > Q3 + 1.5*IQR = 24761.42
7791241212634246529,2025-06-18,216114,realme,Смартфоны,17281.92,17281.92,15679.226999999999,Daily OTS 17281.92 > Q3 + 1.5*IQR = 15679.23
1161942649620631617,2025-06-19,216114,realme,Смартфоны,20064.995,20064.995,18268.722999999998,Daily OTS 20064.99 > Q3 + 1.5*IQR = 18268.72
1585271561336931680,2025-06-19,216114,realme,Смартфоны,30670.424,30670.424,18268.722999999998,Daily OTS 30670.42 > Q3 + 1.5*IQR = 18268.72
5269222877690299204,2025-06-20,216114,realme,Смартфоны,24422.266,24422.266,17462.327250000002,Daily OTS 24422.27 > Q3 + 1.5*IQR = 17462.33
4188358369920040000,2025-06-21,216114,realme,Смартфоны,30718.022,30718.022,13935.479749999999,Daily OTS 30718.02 > Q3 + 1.5*IQR = 13935.48
1585271561337013256,2025-06-23,216114,realme,Смартфоны,47194.3,47194.3,16512.226,Daily OTS 47194.30 > Q3 + 1.5*IQR = 16512.23
3530830270264483540,2025-06-23,216114,realme,Смартфоны,56074.45,56074.45,16512.226,Daily OTS 56074.45 > Q3 + 1.5*IQR = 16512.23
792639191900656642,2025-06-24,216114,realme,Смартфоны,49021.832,49021.832,37031.7105,Daily OTS 49021.83 > Q3 + 1.5*IQR = 37031.71
1585271561337012029,2025-06-25,216114,realme,Смартфоны,89421.496,89421.496,15629.605874999997,Daily OTS 89421.50 > Q3 + 1.5*IQR = 15629.61
1585271561337013256,2025-06-25,216114,realme,Смартфоны,24279.994,24279.994,15629.605874999997,Daily OTS 24279.99 > Q3 + 1.5*IQR = 15629.61
1306054984423598601,2025-06-26,216114,realme,Смартфоны,36747.784,36747.784,19609.1025,Daily OTS 36747.78 > Q3 + 1.5*IQR = 19609.10
1585271561337012029,2025-06-27,216114,realme,Смартфоны,46307.306,46307.306,12398.409500000002,Daily OTS 46307.31 > Q3 + 1.5*IQR = 12398.41
1306054984423598601,2025-06-28,216114,realme,Смартфоны,21347.177,21347.177,20711.5095,Daily OTS 21347.18 > Q3 + 1.5*IQR = 20711.51
1594286234250462081,2025-06-28,216114,realme,Смартфоны,22436.472,22436.472,20711.5095,Daily OTS 22436.47 > Q3 + 1.5*IQR = 20711.51
3828751370547352448,2025-06-28,216114,realme,Смартфоны,128618.67,128618.67,20711.5095,Daily OTS 128618.67 > Q3 + 1.5*IQR = 20711.51
3242598926442262465,2025-06-29,216114,realme,Смартфоны,43472.53,43472.53,24846.5245,Daily OTS 43472.53 > Q3 + 1.5*IQR = 24846.52
4404532213722839106,2025-06-29,216114,realme,Смартфоны,28326.16,28326.16,24846.5245,Daily OTS 28326.16 > Q3 + 1.5*IQR = 24846.52
1585271561337043459,2025-06-30,216114,realme,Смартфоны,41141.32,41141.32,23743.7365,Daily OTS 41141.32 > Q3 + 1.5*IQR = 23743.74
8214572793405073281,2025-06-30,216114,realme,Смартфоны,68972.932,68972.932,23743.7365,Daily OTS 68972.93 > Q3 + 1.5*IQR = 23743.74
1585271561336836994,2025-06-16,216181,redmi,Аудиотехника,12113.236,12113.236,10400.074000000002,Daily OTS 12113.24 > Q3 + 1.5*IQR = 10400.07
1585271561337044238,2025-06-01,216181,redmi,Смартфоны,31223.295,31223.295,15124.780374999998,Daily OTS 31223.29 > Q3 + 1.5*IQR = 15124.78
3891115984388077834,2025-06-01,216181,redmi,Смартфоны,19519.098,19519.098,15124.780374999998,Daily OTS 19519.10 > Q3 + 1.5*IQR = 15124.78
1306806058556077568,2025-06-03,216181,redmi,Смартфоны,28227.32,28227.32,13447.489875,Daily OTS 28227.32 > Q3 + 1.5*IQR = 13447.49
1450168049750223233,2025-06-03,216181,redmi,Смартфоны,21239.952,21239.952,13447.489875,Daily OTS 21239.95 > Q3 + 1.5*IQR = 13447.49
1585271561336999263,2025-06-03,216181,redmi,Смартфоны,23230.503,23230.503,13447.489875,Daily OTS 23230.50 > Q3 + 1.5*IQR = 13447.49
5044039385649898752,2025-06-03,216181,redmi,Смартфоны,28288.791,28288.791,13447.489875,Daily OTS 28288.79 > Q3 + 1.5*IQR = 13447.49
8079470079227476545,2025-06-03,216181,redmi,Смартфоны,18154.114,18154.114,13447.489875,Daily OTS 18154.11 > Q3 + 1.5*IQR = 13447.49
5332267584642577320,2025-06-04,216181,redmi,Смартфоны,24835.682,24835.682,24534.086499999998,Daily OTS 24835.68 > Q3 + 1.5*IQR = 24534.09
1306053021421775489,2025-06-06,216181,redmi,Смартфоны,17411.778000000002,17411.778000000002,13290.095,Daily OTS 17411.78 > Q3 + 1.5*IQR = 13290.09
1585271561336779155,2025-06-06,216181,redmi,Смартфоны,18511.784,18511.784,13290.095,Daily OTS 18511.78 > Q3 + 1.5*IQR = 13290.09
1585271561336879976,2025-06-06,216181,redmi,Смартфоны,26947.256,26947.256,13290.095,Daily OTS 26947.26 > Q3 + 1.5*IQR = 13290.09
1585271561337002721,2025-06-06,216181,redmi,Смартфоны,14365.298,14365.298,13290.095,Daily OTS 14365.30 > Q3 + 1.5*IQR = 13290.09
1585271561337028331,2025-06-07,216181,redmi,Смартфоны,103886.132,103886.132,25178.0445,Daily OTS 103886.13 > Q3 + 1.5*IQR = 25178.04
6710852998872164609,2025-06-07,216181,redmi,Смартфоны,32066.496,32066.496,25178.0445,Daily OTS 32066.50 > Q3 + 1.5*IQR = 25178.04
1585271561336972954,2025-06-08,216181,redmi,Смартфоны,34083.61,34083.61,26079.5055,Daily OTS 34083.61 > Q3 + 1.5*IQR = 26079.51
5197166483580529984,2025-06-08,216181,redmi,Смартфоны,29602.364999999998,29602.364999999998,26079.5055,Daily OTS 29602.36 > Q3 + 1.5*IQR = 26079.51
3891115984388077834,2025-06-09,216181,redmi,Смартфоны,47287.476,47287.476,27838.290875,Daily OTS 47287.48 > Q3 + 1.5*IQR = 27838.29
801651206834380375,2025-06-10,216181,redmi,Смартфоны,32950.943999999996,32950.943999999996,14622.984499999999,Daily OTS 32950.94 > Q3 + 1.5*IQR = 14622.98
1585271561337015499,2025-06-10,216181,redmi,Смартфоны,16690.506,16690.506,14622.984499999999,Daily OTS 16690.51 > Q3 + 1.5*IQR = 14622.98
1585271561337027256,2025-06-10,216181,redmi,Смартфоны,15185.806,15185.806,14622.984499999999,Daily OTS 15185.81 > Q3 + 1.5*IQR = 14622.98
3891115984388077834,2025-06-10,216181,redmi,Смартфоны,35772.417,35772.417,14622.984499999999,Daily OTS 35772.42 > Q3 + 1.5*IQR = 14622.98
6557246880847484935,2025-06-11,216181,redmi,Смартфоны,103618.926,103618.926,24315.36475,Daily OTS 103618.93 > Q3 + 1.5*IQR = 24315.36
7998397832613031942,2025-06-11,216181,redmi,Смартфоны,168327.25,168327.25,24315.36475,Daily OTS 168327.25 > Q3 + 1.5*IQR = 24315.36
8070458324181978240,2025-06-11,216181,redmi,Смартфоны,33184.294,33184.294,24315.36475,Daily OTS 33184.29 > Q3 + 1.5*IQR = 24315.36
9312040921243712,2025-06-12,216181,redmi,Смартфоны,32870.652,32870.652,16846.377999999997,Daily OTS 32870.65 > Q3 + 1.5*IQR = 16846.38
432351254888982875,2025-06-12,216181,redmi,Смартфоны,38541.118,38541.118,16846.377999999997,Daily OTS 38541.12 > Q3 + 1.5*IQR = 16846.38
2882309734211218374,2025-06-12,216181,redmi,Смартфоны,18492.008,18492.008,16846.377999999997,Daily OTS 18492.01 > Q3 + 1.5*IQR = 16846.38
5413337214202460180,2025-06-12,216181,redmi,Смартфоны,22495.521,22495.521,16846.377999999997,Daily OTS 22495.52 > Q3 + 1.5*IQR = 16846.38
369305952269615221,2025-06-13,216181,redmi,Смартфоны,20561.760000000002,20561.760000000002,16275.05775,Daily OTS 20561.76 > Q3 + 1.5*IQR = 16275.06
1585271561337033691,2025-06-13,216181,redmi,Смартфоны,21135.587,21135.587,16275.05775,Daily OTS 21135.59 > Q3 + 1.5*IQR = 16275.06
9312040921243712,2025-06-14,216181,redmi,Смартфоны,52238.159999999996,52238.159999999996,20980.674499999997,Daily OTS 52238.16 > Q3 + 1.5*IQR = 20980.67
1585271561336609714,2025-06-14,216181,redmi,Смартфоны,21295.715,21295.715,20980.674499999997,Daily OTS 21295.72 > Q3 + 1.5*IQR = 20980.67
792640588831739528,2025-06-15,216181,redmi,Смартфоны,96012.675,96012.675,16787.4945,Daily OTS 96012.68 > Q3 + 1.5*IQR = 16787.49
1585271561336609714,2025-06-15,216181,redmi,Смартфоны,16939.008,16939.008,16787.4945,Daily OTS 16939.01 > Q3 + 1.5*IQR = 16787.49
4188356816114174976,2025-06-15,216181,redmi,Смартфоны,16836.141,16836.141,16787.4945,Daily OTS 16836.14 > Q3 + 1.5*IQR = 16787.49
7142864753932710336,2025-06-15,216181,redmi,Смартфоны,28196.614,28196.614,16787.4945,Daily OTS 28196.61 > Q3 + 1.5*IQR = 16787.49
226276416110631552,2025-06-17,216181,redmi,Смартфоны,34813.597,34813.597,19350.120499999997,Daily OTS 34813.60 > Q3 + 1.5*IQR = 19350.12
1585271561336736404,2025-06-17,216181,redmi,Смартфоны,26646.347999999998,26646.347999999998,19350.120499999997,Daily OTS 26646.35 > Q3 + 1.5*IQR = 19350.12
2305848744076622784,2025-06-17,216181,redmi,Смартфоны,22091.508,22091.508,19350.120499999997,Daily OTS 22091.51 > Q3 + 1.5*IQR = 19350.12
3828751370547352448,2025-06-17,216181,redmi,Смартфоны,67877.516,67877.516,19350.120499999997,Daily OTS 67877.52 > Q3 + 1.5*IQR = 19350.12
5548440520018748567,2025-06-17,216181,redmi,Смартфоны,19900.112,19900.112,19350.120499999997,Daily OTS 19900.11 > Q3 + 1.5*IQR = 19350.12
2882310110228255683,2025-06-18,216181,redmi,Смартфоны,24354.494,24354.494,13732.3565,Daily OTS 24354.49 > Q3 + 1.5*IQR = 13732.36
7791241212634246529,2025-06-18,216181,redmi,Смартфоны,17281.92,17281.92,13732.3565,Daily OTS 17281.92 > Q3 + 1.5*IQR = 13732.36
1235179019649062400,2025-06-19,216181,redmi,Смартфоны,27990.909,27990.909,18843.787125000003,Daily OTS 27990.91 > Q3 + 1.5*IQR = 18843.79
8224185895451025024,2025-06-19,216181,redmi,Смартфоны,29107.401,29107.401,18843.787125000003,Daily OTS 29107.40 > Q3 + 1.5*IQR = 18843.79
3819059496266610048,2025-06-20,216181,redmi,Смартфоны,16639.342,16639.342,11674.604374999999,Daily OTS 16639.34 > Q3 + 1.5*IQR = 11674.60
1585271561336807946,2025-06-21,216181,redmi,Смартфоны,18679.498,18679.498,14569.303124999999,Daily OTS 18679.50 > Q3 + 1.5*IQR = 14569.30
3107700341612065664,2025-06-21,216181,redmi,Смартфоны,75569.292,75569.292,14569.303124999999,Daily OTS 75569.29 > Q3 + 1.5*IQR = 14569.30
1585271561336693741,2025-06-22,216181,redmi,Смартфоны,26966.335,26966.335,22659.3065,Daily OTS 26966.33 > Q3 + 1.5*IQR = 22659.31
1585271561337015883,2025-06-22,216181,redmi,Смартфоны,23825.28,23825.28,22659.3065,Daily OTS 23825.28 > Q3 + 1.5*IQR = 22659.31
7493998014236517538,2025-06-22,216181,redmi,Смартфоны,29724.78,29724.78,22659.3065,Daily OTS 29724.78 > Q3 + 1.5*IQR = 22659.31
2531033574337167351,2025-06-23,216181,redmi,Смартфоны,31665.32,31665.32,12589.752,Daily OTS 31665.32 > Q3 + 1.5*IQR = 12589.75
5197165831092178176,2025-06-23,216181,redmi,Смартфоны,15393.998,15393.998,12589.752,Daily OTS 15394.00 > Q3 + 1.5*IQR = 12589.75
6413133404652387391,2025-06-23,216181,redmi,Смартфоны,15654.258000000002,15654.258000000002,12589.752,Daily OTS 15654.26 > Q3 + 1.5*IQR = 12589.75
1585271561336935960,2025-06-24,216181,redmi,Смартфоны,17420.048,17420.048,15666.967499999997,Daily OTS 17420.05 > Q3 + 1.5*IQR = 15666.97
1873514873511094208,2025-06-24,216181,redmi,Смартфоны,23631.398999999998,23631.398999999998,15666.967499999997,Daily OTS 23631.40 > Q3 + 1.5*IQR = 15666.97
1513216533926154380,2025-06-25,216181,redmi,Смартфоны,23227.528,23227.528,9555.110375,Daily OTS 23227.53 > Q3 + 1.5*IQR = 9555.11
8007412236336258369,2025-06-25,216181,redmi,Смартфоны,46785.222,46785.222,9555.110375,Daily OTS 46785.22 > Q3 + 1.5*IQR = 9555.11
8945289551644854145,2025-06-25,216181,redmi,Смартфоны,9637.366,9637.366,9555.110375,Daily OTS 9637.37 > Q3 + 1.5*IQR = 9555.11
3891115984388077661,2025-06-26,216181,redmi,Смартфоны,35347.227,35347.227,21190.571500000002,Daily OTS 35347.23 > Q3 + 1.5*IQR = 21190.57
1585271561336792168,2025-06-27,216181,redmi,Смартфоны,19175.966,19175.966,13444.909500000002,Daily OTS 19175.97 > Q3 + 1.5*IQR = 13444.91
1585271561337031005,2025-06-27,216181,redmi,Смартфоны,14428.523,14428.523,13444.909500000002,Daily OTS 14428.52 > Q3 + 1.5*IQR = 13444.91
3747000630363940255,2025-06-27,216181,redmi,Смартфоны,20577.946,20577.946,13444.909500000002,Daily OTS 20577.95 > Q3 + 1.5*IQR = 13444.91
4332978302823900801,2025-06-27,216181,redmi,Смартфоны,18077.976,18077.976,13444.909500000002,Daily OTS 18077.98 > Q3 + 1.5*IQR = 13444.91
1585271561337043459,2025-06-28,216181,redmi,Смартфоны,31664.82,31664.82,26038.867,Daily OTS 31664.82 > Q3 + 1.5*IQR = 26038.87
1306199128137519168,2025-06-29,216181,redmi,Смартфоны,50629.168,50629.168,23425.968,Daily OTS 50629.17 > Q3 + 1.5*IQR = 23425.97
1585271561337033691,2025-06-29,216181,redmi,Смартфоны,167005.02000000002,167005.02000000002,23425.968,Daily OTS 167005.02 > Q3 + 1.5*IQR = 23425.97
1945561669738689285,2025-06-29,216181,redmi,Смартфоны,31803.32,31803.32,23425.968,Daily OTS 31803.32 > Q3 + 1.5*IQR = 23425.97
6784000971139791808,2025-06-29,216181,redmi,Смартфоны,64576.195,64576.195,23425.968,Daily OTS 64576.19 > Q3 + 1.5*IQR = 23425.97
576467810957597286,2025-06-30,216181,redmi,Смартфоны,18976.307999999997,18976.307999999997,15803.132375000001,Daily OTS 18976.31 > Q3 + 1.5*IQR = 15803.13
1594287976076177792,2025-06-30,216181,redmi,Смартфоны,18508.472,18508.472,15803.132375000001,Daily OTS 18508.47 > Q3 + 1.5*IQR = 15803.13
8224044820656961152,2025-06-30,216181,redmi,Смартфоны,21774.27,21774.27,15803.132375000001,Daily OTS 21774.27 > Q3 + 1.5*IQR = 15803.13
1585271561336968320,2025-06-07,216182,redmond (бытовая техника),Малая техника,17566.995,17566.995,9221.430499999999,Daily OTS 17566.99 > Q3 + 1.5*IQR = 9221.43
1585271561336746677,2025-06-20,216182,redmond (бытовая техника),Малая техника,15027.020999999999,15027.020999999999,12681.1395,Daily OTS 15027.02 > Q3 + 1.5*IQR = 12681.14
6629304165209876489,2025-06-30,216182,redmond (бытовая техника),Малая техника,8155.244,8155.244,6993.9365,Daily OTS 8155.24 > Q3 + 1.5*IQR = 6993.94
6701361217345429528,2025-06-11,216194,reebok,Обувь,16540.372,16540.372,13442.2545,Daily OTS 16540.37 > Q3 + 1.5*IQR = 13442.25
1585271561336820883,2025-06-12,216194,reebok,Обувь,94998.933,94998.933,66053.72537500001,Daily OTS 94998.93 > Q3 + 1.5*IQR = 66053.73
4332475200292245888,2025-06-27,216194,reebok,Обувь,13514.24,13514.24,12209.5735,Daily OTS 13514.24 > Q3 + 1.5*IQR = 12209.57
2738194092690289034,2025-06-05,216394,rexona,Дезодоранты,21093.558,21093.558,19468.4925,Daily OTS 21093.56 > Q3 + 1.5*IQR = 19468.49
1585271561336938692,2025-06-08,216461,rieker,Обувь,10385.7,10385.7,8323.93225,Daily OTS 10385.70 > Q3 + 1.5*IQR = 8323.93
7926341023773842820,2025-06-21,216798,royal canin,Корм для кошек,19403.58,19403.58,6876.333125,Daily OTS 19403.58 > Q3 + 1.5*IQR = 6876.33
1585271561336766040,2025-06-25,216798,royal canin,Корм для кошек,25526.004,25526.004,13101.332125,Daily OTS 25526.00 > Q3 + 1.5*IQR = 13101.33
2531035227693136707,2025-06-20,217033,salamander,Обувь,7149.508,7149.508,6146.519499999999,Daily OTS 7149.51 > Q3 + 1.5*IQR = 6146.52
4107288419676846200,2025-06-03,217082,samsung,Крупная техника,7977.13,7977.13,6119.367499999999,Daily OTS 7977.13 > Q3 + 1.5*IQR = 6119.37
9016217269999190245,2025-06-04,217082,samsung,Крупная техника,8622.534,8622.534,6164.588,Daily OTS 8622.53 > Q3 + 1.5*IQR = 6164.59
2017618760585040015,2025-06-06,217082,samsung,Крупная техника,8118.989,8118.989,7534.363749999999,Daily OTS 8118.99 > Q3 + 1.5*IQR = 7534.36
8502804186997688729,2025-06-07,217082,samsung,Крупная техника,10283.85,10283.85,10159.105875000001,Daily OTS 10283.85 > Q3 + 1.5*IQR = 10159.11
5269222877690299204,2025-06-08,217082,samsung,Крупная техника,22344.906,22344.906,16409.36075,Daily OTS 22344.91 > Q3 + 1.5*IQR = 16409.36
8502803222098581352,2025-06-09,217082,samsung,Крупная техника,84010.218,84010.218,16085.039999999999,Daily OTS 84010.22 > Q3 + 1.5*IQR = 16085.04
3035438258777611137,2025-06-10,217082,samsung,Крупная техника,7549.042,7549.042,6011.52025,Daily OTS 7549.04 > Q3 + 1.5*IQR = 6011.52
1585271561336925889,2025-06-11,217082,samsung,Крупная техника,16477.27,16477.27,8245.116250000001,Daily OTS 16477.27 > Q3 + 1.5*IQR = 8245.12
1585271561336624659,2025-06-14,217082,samsung,Крупная техника,16879.468,16879.468,15176.594874999999,Daily OTS 16879.47 > Q3 + 1.5*IQR = 15176.59
1585271561336627208,2025-06-14,217082,samsung,Крупная техника,34925.208,34925.208,15176.594874999999,Daily OTS 34925.21 > Q3 + 1.5*IQR = 15176.59
7782225973962770785,2025-06-20,217082,samsung,Крупная техника,37056.29,37056.29,13267.271500000003,Daily OTS 37056.29 > Q3 + 1.5*IQR = 13267.27
1585271561337041337,2025-06-21,217082,samsung,Крупная техника,17734.149,17734.149,9054.70475,Daily OTS 17734.15 > Q3 + 1.5*IQR = 9054.70
1585271561337011960,2025-06-25,217082,samsung,Крупная техника,25639.376,25639.376,5571.921875,Daily OTS 25639.38 > Q3 + 1.5*IQR = 5571.92
2315551200567472768,2025-06-27,217082,samsung,Крупная техника,11395.692,11395.692,7611.807499999999,Daily OTS 11395.69 > Q3 + 1.5*IQR = 7611.81
4548647573216187331,2025-06-30,217082,samsung,Крупная техника,15026.852,15026.852,8175.549749999999,Daily OTS 15026.85 > Q3 + 1.5*IQR = 8175.55
6061856428691210627,2025-06-30,217082,samsung,Крупная техника,12501.062,12501.062,8175.549749999999,Daily OTS 12501.06 > Q3 + 1.5*IQR = 8175.55
2747206538927418458,2025-06-02,217082,samsung,Смартфоны,18955.204,18955.204,15166.249375,Daily OTS 18955.20 > Q3 + 1.5*IQR = 15166.25
1297043030334348571,2025-06-07,217082,samsung,Смартфоны,49588.159,49588.159,39540.945375,Daily OTS 49588.16 > Q3 + 1.5*IQR = 39540.95
6566258848326421577,2025-06-12,217082,samsung,Смартфоны,10297.438,10297.438,6974.723125,Daily OTS 10297.44 > Q3 + 1.5*IQR = 6974.72
4764820692635344322,2025-06-13,217082,samsung,Смартфоны,22002.617,22002.617,17294.971749999997,Daily OTS 22002.62 > Q3 + 1.5*IQR = 17294.97
1585271561336624659,2025-06-14,217082,samsung,Смартфоны,118156.27600000001,118156.27600000001,18989.683250000002,Daily OTS 118156.28 > Q3 + 1.5*IQR = 18989.68
1585271561336876209,2025-06-16,217082,samsung,Смартфоны,28086.31,28086.31,10578.00125,Daily OTS 28086.31 > Q3 + 1.5*IQR = 10578.00
1585271561336969923,2025-06-16,217082,samsung,Смартфоны,13421.976,13421.976,10578.00125,Daily OTS 13421.98 > Q3 + 1.5*IQR = 10578.00
3891115984388077728,2025-06-16,217082,samsung,Смартфоны,27151.493,27151.493,10578.00125,Daily OTS 27151.49 > Q3 + 1.5*IQR = 10578.00
1585271561336642216,2025-06-17,217082,samsung,Смартфоны,22857.388,22857.388,11017.1555,Daily OTS 22857.39 > Q3 + 1.5*IQR = 11017.16
8872102004503143605,2025-06-20,217082,samsung,Смартфоны,65553.61799999999,65553.61799999999,14292.5175,Daily OTS 65553.62 > Q3 + 1.5*IQR = 14292.52
1585271561336969923,2025-06-21,217082,samsung,Смартфоны,14650.973,14650.973,11457.67925,Daily OTS 14650.97 > Q3 + 1.5*IQR = 11457.68
4261580498707044544,2025-06-21,217082,samsung,Смартфоны,12608.761,12608.761,11457.67925,Daily OTS 12608.76 > Q3 + 1.5*IQR = 11457.68
1585271561336969570,2025-06-22,217082,samsung,Смартфоны,30689.938,30689.938,18702.0875,Daily OTS 30689.94 > Q3 + 1.5*IQR = 18702.09
936755082263721926,2025-06-24,217082,samsung,Смартфоны,24955.366,24955.366,16679.540999999997,Daily OTS 24955.37 > Q3 + 1.5*IQR = 16679.54
1945562604242968002,2025-06-24,217082,samsung,Смартфоны,19163.294,19163.294,16679.540999999997,Daily OTS 19163.29 > Q3 + 1.5*IQR = 16679.54
2531035227693137728,2025-06-27,217082,samsung,Смартфоны,45462.968,45462.968,8026.088250000001,Daily OTS 45462.97 > Q3 + 1.5*IQR = 8026.09
7791241212634245504,2025-06-28,217082,samsung,Смартфоны,28796.853,28796.853,27635.9585,Daily OTS 28796.85 > Q3 + 1.5*IQR = 27635.96
5034735007916,2025-06-03,217412,sela,Одежда,8488.8,8488.8,3091.4683749999995,Daily OTS 8488.80 > Q3 + 1.5*IQR = 3091.47
4611691438142762196,2025-06-08,217412,sela,Одежда,8575.175,8575.175,7490.872250000001,Daily OTS 8575.17 > Q3 + 1.5*IQR = 7490.87
3035438529728160640,2025-06-13,218309,sony,Аудиотехника,5303.712,5303.712,5001.416000000001,Daily OTS 5303.71 > Q3 + 1.5*IQR = 5001.42
1585271561336804690,2025-06-01,219127,ttaccardi,Обувь,9538.141,9538.141,9202.978500000001,Daily OTS 9538.14 > Q3 + 1.5*IQR = 9202.98
9007204635750639287,2025-06-02,219127,ttaccardi,Обувь,7464.453,7464.453,5705.315500000001,Daily OTS 7464.45 > Q3 + 1.5*IQR = 5705.32
1585271561336804690,2025-06-06,219127,ttaccardi,Обувь,9924.174,9924.174,5527.355000000001,Daily OTS 9924.17 > Q3 + 1.5*IQR = 5527.36
6629304165209879023,2025-06-08,219127,ttaccardi,Обувь,11838.277,11838.277,7159.605,Daily OTS 11838.28 > Q3 + 1.5*IQR = 7159.60
4044244464717265088,2025-06-20,219127,ttaccardi,Обувь,7094.231,7094.231,4860.794250000001,Daily OTS 7094.23 > Q3 + 1.5*IQR = 4860.79
8225047575261536961,2025-06-22,219127,ttaccardi,Обувь,23202.605,23202.605,3530.9362499999993,Daily OTS 23202.60 > Q3 + 1.5*IQR = 3530.94
1585271561336836994,2025-06-06,219306,tcl (техника),Крупная техника,23215.704,23215.704,16742.591,Daily OTS 23215.70 > Q3 + 1.5*IQR = 16742.59
1513216533926154380,2025-06-10,219306,tcl (техника),Крупная техника,25082.984,25082.984,5588.601499999999,Daily OTS 25082.98 > Q3 + 1.5*IQR = 5588.60
1513216533926154380,2025-06-13,219306,tcl (техника),Крупная техника,27086.625,27086.625,15193.068,Daily OTS 27086.62 > Q3 + 1.5*IQR = 15193.07
1513216533926154380,2025-06-15,219306,tcl (техника),Крупная техника,51808.012,51808.012,44338.19225000001,Daily OTS 51808.01 > Q3 + 1.5*IQR = 44338.19
1513216533926154380,2025-06-18,219306,tcl (техника),Крупная техника,17188.916,17188.916,15009.52,Daily OTS 17188.92 > Q3 + 1.5*IQR = 15009.52
8583871661534034304,2025-06-11,219362,tecno,Смартфоны,26004.486,26004.486,20447.866499999996,Daily OTS 26004.49 > Q3 + 1.5*IQR = 20447.87
4764820692635344322,2025-06-13,219362,tecno,Смартфоны,22002.617,22002.617,18907.1615,Daily OTS 22002.62 > Q3 + 1.5*IQR = 18907.16
1585271561337012029,2025-06-19,219362,tecno,Смартфоны,49753.47,49753.47,16236.538874999998,Daily OTS 49753.47 > Q3 + 1.5*IQR = 16236.54
3828751370547352448,2025-06-21,219362,tecno,Смартфоны,33569.97,33569.97,20756.6555,Daily OTS 33569.97 > Q3 + 1.5*IQR = 20756.66
1369101741337284103,2025-06-27,219362,tecno,Смартфоны,6045.166,6045.166,4726.637,Daily OTS 6045.17 > Q3 + 1.5*IQR = 4726.64
3035438502080357056,2025-06-29,219362,tecno,Смартфоны,17028.179,17028.179,12434.971250000002,Daily OTS 17028.18 > Q3 + 1.5*IQR = 12434.97
153134419846816128,2025-06-30,219362,tecno,Смартфоны,12243.118,12243.118,11752.10575,Daily OTS 12243.12 > Q3 + 1.5*IQR = 11752.11
6629304165209879088,2025-06-14,219383,tefal,Малая техника,14521.136999999999,14521.136999999999,14019.506000000001,Daily OTS 14521.14 > Q3 + 1.5*IQR = 14019.51
2449965110012013066,2025-06-07,219709,tide,Товары для стирки,9385.064,9385.064,9253.29225,Daily OTS 9385.06 > Q3 + 1.5*IQR = 9253.29
5034735006047,2025-06-03,221229,vivo (электроника),Смартфоны,20691.222,20691.222,13964.619,Daily OTS 20691.22 > Q3 + 1.5*IQR = 13964.62
6566258848326421577,2025-06-04,221229,vivo (электроника),Смартфоны,13430.46,13430.46,10835.4415,Daily OTS 13430.46 > Q3 + 1.5*IQR = 10835.44
5980787364025193058,2025-06-08,221229,vivo (электроника),Смартфоны,6922.793,6922.793,6752.907999999999,Daily OTS 6922.79 > Q3 + 1.5*IQR = 6752.91
1162022737893971328,2025-06-14,221229,vivo (электроника),Смартфоны,19825.986,19825.986,16912.438499999997,Daily OTS 19825.99 > Q3 + 1.5*IQR = 16912.44
1585271561336888673,2025-06-15,221229,vivo (электроника),Смартфоны,44254.08,44254.08,9871.424,Daily OTS 44254.08 > Q3 + 1.5*IQR = 9871.42
1585271561336592787,2025-06-17,221229,vivo (электроника),Смартфоны,25289.697,25289.697,19736.25325,Daily OTS 25289.70 > Q3 + 1.5*IQR = 19736.25
1585271561336660303,2025-06-18,221229,vivo (электроника),Смартфоны,112767.90999999999,112767.90999999999,31890.510749999994,Daily OTS 112767.91 > Q3 + 1.5*IQR = 31890.51
1585271561336660303,2025-06-19,221229,vivo (электроника),Смартфоны,32808.75,32808.75,25701.928,Daily OTS 32808.75 > Q3 + 1.5*IQR = 25701.93
3828751370547352448,2025-06-21,221229,vivo (электроника),Смартфоны,33569.97,33569.97,24672.364,Daily OTS 33569.97 > Q3 + 1.5*IQR = 24672.36
5764614858704116186,2025-06-22,221229,vivo (электроника),Смартфоны,19339.832,19339.832,13540.2805,Daily OTS 19339.83 > Q3 + 1.5*IQR = 13540.28
1450169741182143061,2025-06-25,221229,vivo (электроника),Смартфоны,55004.17,55004.17,33812.40875,Daily OTS 55004.17 > Q3 + 1.5*IQR = 33812.41
1224996632231164864,2025-06-26,221229,vivo (электроника),Смартфоны,39733.806000000004,39733.806000000004,13040.074,Daily OTS 39733.81 > Q3 + 1.5*IQR = 13040.07
1162022737893971328,2025-06-28,221229,vivo (электроника),Смартфоны,14440.635,14440.635,7753.939249999999,Daily OTS 14440.64 > Q3 + 1.5*IQR = 7753.94
1585271561336944156,2025-06-30,221229,vivo (электроника),Смартфоны,19501.324,19501.324,17735.644624999997,Daily OTS 19501.32 > Q3 + 1.5*IQR = 17735.64
1585271561337043459,2025-06-30,221229,vivo (электроника),Смартфоны,30855.989999999998,30855.989999999998,17735.644624999997,Daily OTS 30855.99 > Q3 + 1.5*IQR = 17735.64
1585271561336929440,2025-06-08,221622,whiskas,Корм для кошек,6313.434,6313.434,6216.596500000001,Daily OTS 6313.43 > Q3 + 1.5*IQR = 6216.60
1729388589032331985,2025-06-11,221622,whiskas,Корм для кошек,888427.16,888427.16,32176.691,Daily OTS 888427.16 > Q3 + 1.5*IQR = 32176.69
1585271561337041337,2025-06-25,221942,xiaomi,Крупная техника,53593.68000000001,53593.68000000001,4931.506625,Daily OTS 53593.68 > Q3 + 1.5*IQR = 4931.51
1585271561337012619,2025-06-05,221942,xiaomi,Малая техника,16174.082,16174.082,6807.959375,Daily OTS 16174.08 > Q3 + 1.5*IQR = 6807.96
1585271561337012619,2025-06-08,221942,xiaomi,Малая техника,15735.756,15735.756,12317.03425,Daily OTS 15735.76 > Q3 + 1.5*IQR = 12317.03
1585271561336718380,2025-06-13,221942,xiaomi,Малая техника,6987.546,6987.546,6981.775874999999,Daily OTS 6987.55 > Q3 + 1.5*IQR = 6981.78
792640928209095042,2025-06-17,221942,xiaomi,Малая техника,4183.792,4183.792,3852.7859999999996,Daily OTS 4183.79 > Q3 + 1.5*IQR = 3852.79
1450168049750223233,2025-06-18,221942,xiaomi,Малая техника,12263.045,12263.045,8532.805124999999,Daily OTS 12263.05 > Q3 + 1.5*IQR = 8532.81
432351254888982817,2025-06-22,221942,xiaomi,Малая техника,10797.288,10797.288,6234.49725,Daily OTS 10797.29 > Q3 + 1.5*IQR = 6234.50
1739916987938841344,2025-06-24,221942,xiaomi,Малая техника,13078.59,13078.59,12055.176500000001,Daily OTS 13078.59 > Q3 + 1.5*IQR = 12055.18
3674944142301961984,2025-06-25,221942,xiaomi,Малая техника,83650.788,83650.788,23133.228124999998,Daily OTS 83650.79 > Q3 + 1.5*IQR = 23133.23
3242598857385037365,2025-06-29,221942,xiaomi,Малая техника,13021.192,13021.192,11598.984,Daily OTS 13021.19 > Q3 + 1.5*IQR = 11598.98
1729390231323623488,2025-06-05,221942,xiaomi,Смарт-часы и браслеты,21855.749,21855.749,12479.0845,Daily OTS 21855.75 > Q3 + 1.5*IQR = 12479.08
6422145316800824194,2025-06-08,221942,xiaomi,Смарт-часы и браслеты,12239.374,12239.374,9223.242250000001,Daily OTS 12239.37 > Q3 + 1.5*IQR = 9223.24
8295642745197945921,2025-06-09,221942,xiaomi,Смарт-часы и браслеты,25493.46,25493.46,10889.945625,Daily OTS 25493.46 > Q3 + 1.5*IQR = 10889.95
7782225885427882784,2025-06-10,221942,xiaomi,Смарт-часы и браслеты,21892.44,21892.44,21876.1915,Daily OTS 21892.44 > Q3 + 1.5*IQR = 21876.19
6629304165209877317,2025-06-15,221942,xiaomi,Смарт-часы и браслеты,20499.904,20499.904,9566.564125,Daily OTS 20499.90 > Q3 + 1.5*IQR = 9566.56
5620498938025644488,2025-06-16,221942,xiaomi,Смарт-часы и браслеты,5984.952,5984.952,5363.3135,Daily OTS 5984.95 > Q3 + 1.5*IQR = 5363.31
1450169730127850278,2025-06-17,221942,xiaomi,Смарт-часы и браслеты,42023.652,42023.652,13282.9535,Daily OTS 42023.65 > Q3 + 1.5*IQR = 13282.95
4980991965168188033,2025-06-17,221942,xiaomi,Смарт-часы и браслеты,16499.019,16499.019,13282.9535,Daily OTS 16499.02 > Q3 + 1.5*IQR = 13282.95
2170746759837790082,2025-06-24,221942,xiaomi,Смарт-часы и браслеты,11435.825,11435.825,9515.2605,Daily OTS 11435.83 > Q3 + 1.5*IQR = 9515.26
6629304165209877317,2025-06-27,221942,xiaomi,Смарт-часы и браслеты,57079.763999999996,57079.763999999996,45459.405374999995,Daily OTS 57079.76 > Q3 + 1.5*IQR = 45459.41
1585271561336695605,2025-06-28,221942,xiaomi,Смарт-часы и браслеты,21171.705,21171.705,11661.604,Daily OTS 21171.71 > Q3 + 1.5*IQR = 11661.60
4755806029018135186,2025-06-28,221942,xiaomi,Смарт-часы и браслеты,19272.816,19272.816,11661.604,Daily OTS 19272.82 > Q3 + 1.5*IQR = 11661.60
1089884978166964928,2025-06-29,221942,xiaomi,Смарт-часы и браслеты,56208.07800000001,56208.07800000001,17307.557,Daily OTS 56208.08 > Q3 + 1.5*IQR = 17307.56
792639191900656642,2025-06-01,221942,xiaomi,Смартфоны,47320.628,47320.628,38520.819749999995,Daily OTS 47320.63 > Q3 + 1.5*IQR = 38520.82
1306806058556077568,2025-06-01,221942,xiaomi,Смартфоны,85565.373,85565.373,38520.819749999995,Daily OTS 85565.37 > Q3 + 1.5*IQR = 38520.82
6341074104264852368,2025-06-01,221942,xiaomi,Смартфоны,103951.56999999999,103951.56999999999,38520.819749999995,Daily OTS 103951.57 > Q3 + 1.5*IQR = 38520.82
2098691289167691008,2025-06-02,221942,xiaomi,Смартфоны,22314.079,22314.079,13071.117,Daily OTS 22314.08 > Q3 + 1.5*IQR = 13071.12
6341074104264853201,2025-06-02,221942,xiaomi,Смартфоны,15726.616,15726.616,13071.117,Daily OTS 15726.62 > Q3 + 1.5*IQR = 13071.12
8225073963540604608,2025-06-02,221942,xiaomi,Смартфоны,19348.59,19348.59,13071.117,Daily OTS 19348.59 > Q3 + 1.5*IQR = 13071.12
1585271561337030905,2025-06-04,221942,xiaomi,Смартфоны,19433.791999999998,19433.791999999998,11024.90725,Daily OTS 19433.79 > Q3 + 1.5*IQR = 11024.91
1954574044080790082,2025-06-04,221942,xiaomi,Смартфоны,17034.826,17034.826,11024.90725,Daily OTS 17034.83 > Q3 + 1.5*IQR = 11024.91
1954574044080790082,2025-06-05,221942,xiaomi,Смартфоны,25628.720999999998,25628.720999999998,18672.487624999998,Daily OTS 25628.72 > Q3 + 1.5*IQR = 18672.49
6701361217345430749,2025-06-05,221942,xiaomi,Смартфоны,47003.92,47003.92,18672.487624999998,Daily OTS 47003.92 > Q3 + 1.5*IQR = 18672.49
1585271561337002721,2025-06-06,221942,xiaomi,Смартфоны,14365.298,14365.298,13704.43875,Daily OTS 14365.30 > Q3 + 1.5*IQR = 13704.44
5413337214202460180,2025-06-06,221942,xiaomi,Смартфоны,15967.193,15967.193,13704.43875,Daily OTS 15967.19 > Q3 + 1.5*IQR = 13704.44
8502804186997688729,2025-06-07,221942,xiaomi,Смартфоны,102838.5,102838.5,23325.016375,Daily OTS 102838.50 > Q3 + 1.5*IQR = 23325.02
1585271561336862731,2025-06-08,221942,xiaomi,Смартфоны,64308.384000000005,64308.384000000005,20604.488249999995,Daily OTS 64308.38 > Q3 + 1.5*IQR = 20604.49
8502804186997688729,2025-06-08,221942,xiaomi,Смартфоны,38594.975,38594.975,20604.488249999995,Daily OTS 38594.97 > Q3 + 1.5*IQR = 20604.49
5034735007009,2025-06-09,221942,xiaomi,Смартфоны,13214.214,13214.214,9978.950499999999,Daily OTS 13214.21 > Q3 + 1.5*IQR = 9978.95
792639191900656642,2025-06-09,221942,xiaomi,Смартфоны,23777.078,23777.078,9978.950499999999,Daily OTS 23777.08 > Q3 + 1.5*IQR = 9978.95
4683750691077887234,2025-06-09,221942,xiaomi,Смартфоны,12168.795,12168.795,9978.950499999999,Daily OTS 12168.80 > Q3 + 1.5*IQR = 9978.95
1441159877277719394,2025-06-10,221942,xiaomi,Смартфоны,12777.192000000001,12777.192000000001,10895.05375,Daily OTS 12777.19 > Q3 + 1.5*IQR = 10895.05
1954574044080790082,2025-06-10,221942,xiaomi,Смартфоны,13538.166,13538.166,10895.05375,Daily OTS 13538.17 > Q3 + 1.5*IQR = 10895.05
6998605980629640515,2025-06-10,221942,xiaomi,Смартфоны,16165.98,16165.98,10895.05375,Daily OTS 16165.98 > Q3 + 1.5*IQR = 10895.05
2819265587255210048,2025-06-11,221942,xiaomi,Смартфоны,27822.916,27822.916,23597.257,Daily OTS 27822.92 > Q3 + 1.5*IQR = 23597.26
9312040921243712,2025-06-12,221942,xiaomi,Смартфоны,21913.768,21913.768,8958.340750000001,Daily OTS 21913.77 > Q3 + 1.5*IQR = 8958.34
4827866868944797761,2025-06-13,221942,xiaomi,Смартфоны,12666.478,12666.478,10276.698875000002,Daily OTS 12666.48 > Q3 + 1.5*IQR = 10276.70
5629512169455334209,2025-06-13,221942,xiaomi,Смартфоны,11914.712,11914.712,10276.698875000002,Daily OTS 11914.71 > Q3 + 1.5*IQR = 10276.70
2819265587255210048,2025-06-14,221942,xiaomi,Смартфоны,28448.661,28448.661,18193.20925,Daily OTS 28448.66 > Q3 + 1.5*IQR = 18193.21
8502804186997688729,2025-06-14,221942,xiaomi,Смартфоны,67194.97200000001,67194.97200000001,18193.20925,Daily OTS 67194.97 > Q3 + 1.5*IQR = 18193.21
8935147025123497195,2025-06-16,221942,xiaomi,Смартфоны,28088.226,28088.226,15961.058,Daily OTS 28088.23 > Q3 + 1.5*IQR = 15961.06
2305848744076622784,2025-06-17,221942,xiaomi,Смартфоны,33137.262,33137.262,30433.007749999997,Daily OTS 33137.26 > Q3 + 1.5*IQR = 30433.01
7286835588169424727,2025-06-17,221942,xiaomi,Смартфоны,38299.656,38299.656,30433.007749999997,Daily OTS 38299.66 > Q3 + 1.5*IQR = 30433.01
5269222910863619076,2025-06-18,221942,xiaomi,Смартфоны,10314.243,10314.243,8770.518750000001,Daily OTS 10314.24 > Q3 + 1.5*IQR = 8770.52
1585271561337012029,2025-06-19,221942,xiaomi,Смартфоны,49753.47,49753.47,17640.006,Daily OTS 49753.47 > Q3 + 1.5*IQR = 17640.01
3900131062701345664,2025-06-20,221942,xiaomi,Смартфоны,31031.434,31031.434,14785.078375000001,Daily OTS 31031.43 > Q3 + 1.5*IQR = 14785.08
1306055321721055758,2025-06-21,221942,xiaomi,Смартфоны,35435.715000000004,35435.715000000004,20572.14675,Daily OTS 35435.72 > Q3 + 1.5*IQR = 20572.15
1585271561337008553,2025-06-22,221942,xiaomi,Смартфоны,33381.216,33381.216,24282.537624999997,Daily OTS 33381.22 > Q3 + 1.5*IQR = 24282.54
3828751370547352448,2025-06-22,221942,xiaomi,Смартфоны,45252.884,45252.884,24282.537624999997,Daily OTS 45252.88 > Q3 + 1.5*IQR = 24282.54
8502804186997688729,2025-06-22,221942,xiaomi,Смартфоны,78822.504,78822.504,24282.537624999997,Daily OTS 78822.50 > Q3 + 1.5*IQR = 24282.54
1882516134850618572,2025-06-23,221942,xiaomi,Смартфоны,18305.176,18305.176,15276.0405,Daily OTS 18305.18 > Q3 + 1.5*IQR = 15276.04
6701361217345429380,2025-06-23,221942,xiaomi,Смартфоны,17740.135000000002,17740.135000000002,15276.0405,Daily OTS 17740.14 > Q3 + 1.5*IQR = 15276.04
792639191900656642,2025-06-24,221942,xiaomi,Смартфоны,24510.916,24510.916,17860.889375,Daily OTS 24510.92 > Q3 + 1.5*IQR = 17860.89
6196960145816224397,2025-06-24,221942,xiaomi,Смартфоны,20513.628,20513.628,17860.889375,Daily OTS 20513.63 > Q3 + 1.5*IQR = 17860.89
7863297125675401793,2025-06-25,221942,xiaomi,Смартфоны,50749.223,50749.223,12082.697875,Daily OTS 50749.22 > Q3 + 1.5*IQR = 12082.70
1233998612444273538,2025-06-26,221942,xiaomi,Смартфоны,20053.98,20053.98,15318.30875,Daily OTS 20053.98 > Q3 + 1.5*IQR = 15318.31
3828751370547352448,2025-06-26,221942,xiaomi,Смартфоны,33232.926,33232.926,15318.30875,Daily OTS 33232.93 > Q3 + 1.5*IQR = 15318.31
3828751370547352448,2025-06-27,221942,xiaomi,Смартфоны,16468.331,16468.331,9159.864999999998,Daily OTS 16468.33 > Q3 + 1.5*IQR = 9159.86
7926342403457552206,2025-06-27,221942,xiaomi,Смартфоны,15900.147,15900.147,9159.864999999998,Daily OTS 15900.15 > Q3 + 1.5*IQR = 9159.86
1306054984423598601,2025-06-28,221942,xiaomi,Смартфоны,21347.177,21347.177,9178.14425,Daily OTS 21347.18 > Q3 + 1.5*IQR = 9178.14
1585271561337020878,2025-06-28,221942,xiaomi,Смартфоны,17996.898,17996.898,9178.14425,Daily OTS 17996.90 > Q3 + 1.5*IQR = 9178.14
1585271561336885807,2025-06-29,221942,xiaomi,Смартфоны,11997.835,11997.835,10129.559000000001,Daily OTS 11997.83 > Q3 + 1.5*IQR = 10129.56
3891115984388077661,2025-06-29,221942,xiaomi,Смартфоны,12203.561,12203.561,10129.559000000001,Daily OTS 12203.56 > Q3 + 1.5*IQR = 10129.56
1585271561336926709,2025-06-30,221942,xiaomi,Смартфоны,20092.41,20092.41,17561.691749999998,Daily OTS 20092.41 > Q3 + 1.5*IQR = 17561.69
1585271561337043459,2025-06-30,221942,xiaomi,Смартфоны,30855.989999999998,30855.989999999998,17561.691749999998,Daily OTS 30855.99 > Q3 + 1.5*IQR = 17561.69
5260212023980595118,2025-06-30,221942,xiaomi,Смартфоны,19173.75,19173.75,17561.691749999998,Daily OTS 19173.75 > Q3 + 1.5*IQR = 17561.69
5034735006857,2025-06-24,222295,zarina,Одежда,23366.455,23366.455,13772.661,Daily OTS 23366.46 > Q3 + 1.5*IQR = 13772.66
792640751260989745,2025-06-26,222295,zarina,Одежда,12555.736,12555.736,11990.509,Daily OTS 12555.74 > Q3 + 1.5*IQR = 11990.51
6052843423965704521,2025-06-02,222481,zolla,Одежда,16297.32,16297.32,13336.471999999998,Daily OTS 16297.32 > Q3 + 1.5*IQR = 13336.47
9007204939872883344,2025-06-03,222481,zolla,Одежда,23925.300000000003,23925.300000000003,8477.699875,Daily OTS 23925.30 > Q3 + 1.5*IQR = 8477.70
6052843423965704521,2025-06-04,222481,zolla,Одежда,12124.161,12124.161,9221.727,Daily OTS 12124.16 > Q3 + 1.5*IQR = 9221.73
1224985242758498140,2025-06-07,222481,zolla,Одежда,18396.074,18396.074,7377.794500000001,Daily OTS 18396.07 > Q3 + 1.5*IQR = 7377.79
6629304165209877384,2025-06-16,222481,zolla,Одежда,11217.75,11217.75,10690.530999999999,Daily OTS 11217.75 > Q3 + 1.5*IQR = 10690.53
6278112036238381505,2025-06-28,222481,zolla,Одежда,13184.953,13184.953,7030.464000000001,Daily OTS 13184.95 > Q3 + 1.5*IQR = 7030.46
1585271561336777509,2025-06-15,224020,atlant (бытовая техника),Крупная техника,17213.447,17213.447,8772.647625000001,Daily OTS 17213.45 > Q3 + 1.5*IQR = 8772.65
6341074104264850600,2025-06-15,225346,вернель,Товары для стирки,14321.715,14321.715,6984.923250000002,Daily OTS 14321.72 > Q3 + 1.5*IQR = 6984.92
4116489126782834816,2025-06-15,234881,персил,Товары для стирки,14701.868999999999,14701.868999999999,12087.897,Daily OTS 14701.87 > Q3 + 1.5*IQR = 12087.90
1585271561336902933,2025-06-21,234881,персил,Товары для стирки,9859.772,9859.772,6338.708,Daily OTS 9859.77 > Q3 + 1.5*IQR = 6338.71
4107288419676846200,2025-06-03,238974,tecno spark,Смартфоны,15954.26,15954.26,11687.946,Daily OTS 15954.26 > Q3 + 1.5*IQR = 11687.95
6341074104264851725,2025-06-03,238974,tecno spark,Смартфоны,13328.114,13328.114,11687.946,Daily OTS 13328.11 > Q3 + 1.5*IQR = 11687.95
6341074104264851725,2025-06-04,238974,tecno spark,Смартфоны,26699.476,26699.476,8421.03575,Daily OTS 26699.48 > Q3 + 1.5*IQR = 8421.04
4908937353777220800,2025-06-07,238974,tecno spark,Смартфоны,28983.168,28983.168,13171.068125000002,Daily OTS 28983.17 > Q3 + 1.5*IQR = 13171.07
4764820692635344322,2025-06-13,238974,tecno spark,Смартфоны,44005.234,44005.234,12311.411250000001,Daily OTS 44005.23 > Q3 + 1.5*IQR = 12311.41
3891117339130576153,2025-06-15,238974,tecno spark,Смартфоны,12768.69,12768.69,12374.736125,Daily OTS 12768.69 > Q3 + 1.5*IQR = 12374.74
3386713974243437648,2025-06-18,238974,tecno spark,Смартфоны,9453.49,9453.49,9154.0955,Daily OTS 9453.49 > Q3 + 1.5*IQR = 9154.10
7493996875135986974,2025-06-23,238974,tecno spark,Смартфоны,12170.628,12170.628,10343.427,Daily OTS 12170.63 > Q3 + 1.5*IQR = 10343.43
1091126305548750145,2025-06-24,238974,tecno spark,Смартфоны,5642.876,5642.876,5001.1735,Daily OTS 5642.88 > Q3 + 1.5*IQR = 5001.17
3035438529728160640,2025-06-25,238974,tecno spark,Смартфоны,21896.376,21896.376,8217.66,Daily OTS 21896.38 > Q3 + 1.5*IQR = 8217.66
1161942649620631617,2025-06-28,238974,tecno spark,Смартфоны,31062.318,31062.318,12903.715999999999,Daily OTS 31062.32 > Q3 + 1.5*IQR = 12903.72
5413337214202460227,2025-06-29,238974,tecno spark,Смартфоны,18343.542,18343.542,12153.9965,Daily OTS 18343.54 > Q3 + 1.5*IQR = 12154.00
2449965110012012815,2025-06-02,242139,яндекс,Аудиотехника,21699.488,21699.488,10722.856,Daily OTS 21699.49 > Q3 + 1.5*IQR = 10722.86
2882311520272393920,2025-06-05,242139,яндекс,Аудиотехника,89641.242,89641.242,10818.997624999996,Daily OTS 89641.24 > Q3 + 1.5*IQR = 10819.00
1585271561336739466,2025-06-07,242139,яндекс,Аудиотехника,17775.213,17775.213,11714.354625,Daily OTS 17775.21 > Q3 + 1.5*IQR = 11714.35
1585271561336744637,2025-06-07,242139,яндекс,Аудиотехника,22494.48,22494.48,11714.354625,Daily OTS 22494.48 > Q3 + 1.5*IQR = 11714.35
1585271561336647429,2025-06-08,242139,яндекс,Аудиотехника,6868.664,6868.664,5433.879749999999,Daily OTS 6868.66 > Q3 + 1.5*IQR = 5433.88
1585271561337048914,2025-06-08,242139,яндекс,Аудиотехника,12979.833,12979.833,5433.879749999999,Daily OTS 12979.83 > Q3 + 1.5*IQR = 5433.88
1585271561336963868,2025-06-09,242139,яндекс,Аудиотехника,47627.766,47627.766,14256.80625,Daily OTS 47627.77 > Q3 + 1.5*IQR = 14256.81
3756013447131138625,2025-06-09,242139,яндекс,Аудиотехника,21261.498,21261.498,14256.80625,Daily OTS 21261.50 > Q3 + 1.5*IQR = 14256.81
1585271561337029424,2025-06-12,242139,яндекс,Аудиотехника,9998.318,9998.318,8253.759999999998,Daily OTS 9998.32 > Q3 + 1.5*IQR = 8253.76
9018203264608292,2025-06-15,242139,яндекс,Аудиотехника,10508.961,10508.961,6302.746875000001,Daily OTS 10508.96 > Q3 + 1.5*IQR = 6302.75
1585271561336744637,2025-06-15,242139,яндекс,Аудиотехника,11093.641,11093.641,6302.746875000001,Daily OTS 11093.64 > Q3 + 1.5*IQR = 6302.75
1585271561336586966,2025-06-16,242139,яндекс,Аудиотехника,5310.775,5310.775,4706.413625000001,Daily OTS 5310.77 > Q3 + 1.5*IQR = 4706.41
1585271561336790289,2025-06-17,242139,яндекс,Аудиотехника,44838.444,44838.444,13351.291874999999,Daily OTS 44838.44 > Q3 + 1.5*IQR = 13351.29
8430745724812681766,2025-06-17,242139,яндекс,Аудиотехника,16563.295,16563.295,13351.291874999999,Daily OTS 16563.29 > Q3 + 1.5*IQR = 13351.29
1585271561337043451,2025-06-18,242139,яндекс,Аудиотехника,16654.088,16654.088,16251.449250000001,Daily OTS 16654.09 > Q3 + 1.5*IQR = 16251.45
3035436765780351298,2025-06-19,242139,яндекс,Аудиотехника,16431.641,16431.641,10276.583625000001,Daily OTS 16431.64 > Q3 + 1.5*IQR = 10276.58
1585271561336723410,2025-06-20,242139,яндекс,Аудиотехника,11796.42,11796.42,11162.729500000001,Daily OTS 11796.42 > Q3 + 1.5*IQR = 11162.73
3901002130266983232,2025-06-21,242139,яндекс,Аудиотехника,14042.283000000001,14042.283000000001,10719.050749999999,Daily OTS 14042.28 > Q3 + 1.5*IQR = 10719.05
5341279786058208902,2025-06-21,242139,яндекс,Аудиотехника,12687.517,12687.517,10719.050749999999,Daily OTS 12687.52 > Q3 + 1.5*IQR = 10719.05
8935147025123496477,2025-06-22,242139,яндекс,Аудиотехника,11298.964,11298.964,11011.191875,Daily OTS 11298.96 > Q3 + 1.5*IQR = 11011.19
5620499395138991826,2025-06-26,242139,яндекс,Аудиотехника,31746.068999999996,31746.068999999996,16591.764,Daily OTS 31746.07 > Q3 + 1.5*IQR = 16591.76
6341074104264852047,2025-06-26,242139,яндекс,Аудиотехника,20276.7,20276.7,16591.764,Daily OTS 20276.70 > Q3 + 1.5*IQR = 16591.76
2738194092690289729,2025-06-28,242139,яндекс,Аудиотехника,50620.488,50620.488,12483.398500000001,Daily OTS 50620.49 > Q3 + 1.5*IQR = 12483.40
4179347521753441089,2025-06-30,242139,яндекс,Аудиотехника,23362.837,23362.837,20224.88975,Daily OTS 23362.84 > Q3 + 1.5*IQR = 20224.89
1585271561336969923,2025-06-19,281079,samsung galaxy,Смарт-часы и браслеты,12920.954,12920.954,7513.032499999999,Daily OTS 12920.95 > Q3 + 1.5*IQR = 7513.03
1306806058556077568,2025-06-01,281079,samsung galaxy,Смартфоны,28521.791,28521.791,22775.45375,Daily OTS 28521.79 > Q3 + 1.5*IQR = 22775.45
2243906939957421696,2025-06-01,281079,samsung galaxy,Смартфоны,69262.016,69262.016,22775.45375,Daily OTS 69262.02 > Q3 + 1.5*IQR = 22775.45
2738194092690289674,2025-06-01,281079,samsung galaxy,Смартфоны,24547.328,24547.328,22775.45375,Daily OTS 24547.33 > Q3 + 1.5*IQR = 22775.45
4827866083748770688,2025-06-01,281079,samsung galaxy,Смартфоны,63042.25399999999,63042.25399999999,22775.45375,Daily OTS 63042.25 > Q3 + 1.5*IQR = 22775.45
5413337214202464579,2025-06-01,281079,samsung galaxy,Смартфоны,26886.028,26886.028,22775.45375,Daily OTS 26886.03 > Q3 + 1.5*IQR = 22775.45
1585271561336876209,2025-06-02,281079,samsung galaxy,Смартфоны,42485.074,42485.074,22988.854999999996,Daily OTS 42485.07 > Q3 + 1.5*IQR = 22988.85
2243906939957421696,2025-06-02,281079,samsung galaxy,Смартфоны,56225.316,56225.316,22988.854999999996,Daily OTS 56225.32 > Q3 + 1.5*IQR = 22988.85
5413337214202460180,2025-06-02,281079,samsung galaxy,Смартфоны,26690.854,26690.854,22988.854999999996,Daily OTS 26690.85 > Q3 + 1.5*IQR = 22988.85
5413337214202464579,2025-06-02,281079,samsung galaxy,Смартфоны,27846.378,27846.378,22988.854999999996,Daily OTS 27846.38 > Q3 + 1.5*IQR = 22988.85
8935147025123496880,2025-06-02,281079,samsung galaxy,Смартфоны,26209.312,26209.312,22988.854999999996,Daily OTS 26209.31 > Q3 + 1.5*IQR = 22988.85
1585271561337022332,2025-06-03,281079,samsung galaxy,Смартфоны,112193.90000000001,112193.90000000001,19329.774875000003,Daily OTS 112193.90 > Q3 + 1.5*IQR = 19329.77
1585271561337053948,2025-06-03,281079,samsung galaxy,Смартфоны,44490.31,44490.31,19329.774875000003,Daily OTS 44490.31 > Q3 + 1.5*IQR = 19329.77
4107288419676846200,2025-06-03,281079,samsung galaxy,Смартфоны,23931.39,23931.39,19329.774875000003,Daily OTS 23931.39 > Q3 + 1.5*IQR = 19329.77
648524241621891017,2025-06-04,281079,samsung galaxy,Смартфоны,25049.946,25049.946,15650.044875000001,Daily OTS 25049.95 > Q3 + 1.5*IQR = 15650.04
8079469907788943042,2025-06-04,281079,samsung galaxy,Смартфоны,21567.896,21567.896,15650.044875000001,Daily OTS 21567.90 > Q3 + 1.5*IQR = 15650.04
9016217269999190245,2025-06-04,281079,samsung galaxy,Смартфоны,25867.602,25867.602,15650.044875000001,Daily OTS 25867.60 > Q3 + 1.5*IQR = 15650.04
2243906939957421696,2025-06-05,281079,samsung galaxy,Смартфоны,51287.15,51287.15,17855.2615,Daily OTS 51287.15 > Q3 + 1.5*IQR = 17855.26
2305848744076623212,2025-06-05,281079,samsung galaxy,Смартфоны,57310.887,57310.887,17855.2615,Daily OTS 57310.89 > Q3 + 1.5*IQR = 17855.26
4261457657532782784,2025-06-05,281079,samsung galaxy,Смартфоны,25156.512,25156.512,17855.2615,Daily OTS 25156.51 > Q3 + 1.5*IQR = 17855.26
5980787364025193058,2025-06-05,281079,samsung galaxy,Смартфоны,21093.558,21093.558,17855.2615,Daily OTS 21093.56 > Q3 + 1.5*IQR = 17855.26
6341074104264852120,2025-06-05,281079,samsung galaxy,Смартфоны,31841.304,31841.304,17855.2615,Daily OTS 31841.30 > Q3 + 1.5*IQR = 17855.26
8791033816660297281,2025-06-05,281079,samsung galaxy,Смартфоны,30487.426,30487.426,17855.2615,Daily OTS 30487.43 > Q3 + 1.5*IQR = 17855.26
9016217269999190245,2025-06-05,281079,samsung galaxy,Смартфоны,18536.238,18536.238,17855.2615,Daily OTS 18536.24 > Q3 + 1.5*IQR = 17855.26
2243246602605790784,2025-06-06,281079,samsung galaxy,Смартфоны,24005.421,24005.421,22778.3655,Daily OTS 24005.42 > Q3 + 1.5*IQR = 22778.37
2244161396280146880,2025-06-06,281079,samsung galaxy,Смартфоны,43887.724,43887.724,22778.3655,Daily OTS 43887.72 > Q3 + 1.5*IQR = 22778.37
2305848744076623212,2025-06-06,281079,samsung galaxy,Смартфоны,91275.03,91275.03,22778.3655,Daily OTS 91275.03 > Q3 + 1.5*IQR = 22778.37
7854284809238590800,2025-06-06,281079,samsung galaxy,Смартфоны,24553.321,24553.321,22778.3655,Daily OTS 24553.32 > Q3 + 1.5*IQR = 22778.37
1297043030334348571,2025-06-07,281079,samsung galaxy,Смартфоны,99176.318,99176.318,21981.47925,Daily OTS 99176.32 > Q3 + 1.5*IQR = 21981.48
1585271561336888673,2025-06-07,281079,samsung galaxy,Смартфоны,43866.46,43866.46,21981.47925,Daily OTS 43866.46 > Q3 + 1.5*IQR = 21981.48
3107497533813582784,2025-06-07,281079,samsung galaxy,Смартфоны,38991.408,38991.408,21981.47925,Daily OTS 38991.41 > Q3 + 1.5*IQR = 21981.48
3891117339130576500,2025-06-07,281079,samsung galaxy,Смартфоны,55466.33,55466.33,21981.47925,Daily OTS 55466.33 > Q3 + 1.5*IQR = 21981.48
1585271561336862731,2025-06-08,281079,samsung galaxy,Смартфоны,35726.880000000005,35726.880000000005,19300.033874999994,Daily OTS 35726.88 > Q3 + 1.5*IQR = 19300.03
1585271561336876209,2025-06-08,281079,samsung galaxy,Смартфоны,27205.266,27205.266,19300.033874999994,Daily OTS 27205.27 > Q3 + 1.5*IQR = 19300.03
2738194092690289674,2025-06-08,281079,samsung galaxy,Смартфоны,36715.445999999996,36715.445999999996,19300.033874999994,Daily OTS 36715.45 > Q3 + 1.5*IQR = 19300.03
1369101741337282579,2025-06-09,281079,samsung galaxy,Смартфоны,108400.296,108400.296,14278.107625,Daily OTS 108400.30 > Q3 + 1.5*IQR = 14278.11
1585271561337011960,2025-06-09,281079,samsung galaxy,Смартфоны,21616.803,21616.803,14278.107625,Daily OTS 21616.80 > Q3 + 1.5*IQR = 14278.11
1585271561337044057,2025-06-09,281079,samsung galaxy,Смартфоны,19977.152,19977.152,14278.107625,Daily OTS 19977.15 > Q3 + 1.5*IQR = 14278.11
792639191900656652,2025-06-10,281079,samsung galaxy,Смартфоны,104716.866,104716.866,15059.85,Daily OTS 104716.87 > Q3 + 1.5*IQR = 15059.85
1585271561336876209,2025-06-10,281079,samsung galaxy,Смартфоны,20273.419,20273.419,15059.85,Daily OTS 20273.42 > Q3 + 1.5*IQR = 15059.85
3828751370547352448,2025-06-10,281079,samsung galaxy,Смартфоны,41193.126,41193.126,15059.85,Daily OTS 41193.13 > Q3 + 1.5*IQR = 15059.85
1585274423917697153,2025-06-11,281079,samsung galaxy,Смартфоны,45115.002,45115.002,25458.1835,Daily OTS 45115.00 > Q3 + 1.5*IQR = 25458.18
1945560541685068999,2025-06-11,281079,samsung galaxy,Смартфоны,26303.12,26303.12,25458.1835,Daily OTS 26303.12 > Q3 + 1.5*IQR = 25458.18
2242805481916280257,2025-06-11,281079,samsung galaxy,Смартфоны,156200.8,156200.8,25458.1835,Daily OTS 156200.80 > Q3 + 1.5*IQR = 25458.18
3963174731014708819,2025-06-11,281079,samsung galaxy,Смартфоны,63729.996,63729.996,25458.1835,Daily OTS 63730.00 > Q3 + 1.5*IQR = 25458.18
792639191900656750,2025-06-12,281079,samsung galaxy,Смартфоны,169878.268,169878.268,25448.7385,Daily OTS 169878.27 > Q3 + 1.5*IQR = 25448.74
2882311520272393920,2025-06-12,281079,samsung galaxy,Смартфоны,25571.015,25571.015,25448.7385,Daily OTS 25571.01 > Q3 + 1.5*IQR = 25448.74
5332267584642577160,2025-06-12,281079,samsung galaxy,Смартфоны,26436.378,26436.378,25448.7385,Daily OTS 26436.38 > Q3 + 1.5*IQR = 25448.74
5548441990942657024,2025-06-12,281079,samsung galaxy,Смартфоны,37642.456,37642.456,25448.7385,Daily OTS 37642.46 > Q3 + 1.5*IQR = 25448.74
6845478458367164868,2025-06-12,281079,samsung galaxy,Смартфоны,29198.67,29198.67,25448.7385,Daily OTS 29198.67 > Q3 + 1.5*IQR = 25448.74
1585271561336876209,2025-06-13,281079,samsung galaxy,Смартфоны,141355.18,141355.18,22389.339000000004,Daily OTS 141355.18 > Q3 + 1.5*IQR = 22389.34
2819265587255210048,2025-06-13,281079,samsung galaxy,Смартфоны,57262.322,57262.322,22389.339000000004,Daily OTS 57262.32 > Q3 + 1.5*IQR = 22389.34
9312040921243712,2025-06-14,281079,samsung galaxy,Смартфоны,46433.92,46433.92,25248.093,Daily OTS 46433.92 > Q3 + 1.5*IQR = 25248.09
1585271561336888673,2025-06-14,281079,samsung galaxy,Смартфоны,43999.894,43999.894,25248.093,Daily OTS 43999.89 > Q3 + 1.5*IQR = 25248.09
1873503251789431953,2025-06-14,281079,samsung galaxy,Смартфоны,44587.872,44587.872,25248.093,Daily OTS 44587.87 > Q3 + 1.5*IQR = 25248.09
2738194092690289068,2025-06-14,281079,samsung galaxy,Смартфоны,28452.413,28452.413,25248.093,Daily OTS 28452.41 > Q3 + 1.5*IQR = 25248.09
2748336010956710272,2025-06-14,281079,samsung galaxy,Смартфоны,25373.15,25373.15,25248.093,Daily OTS 25373.15 > Q3 + 1.5*IQR = 25248.09
8574860238283842062,2025-06-14,281079,samsung galaxy,Смартфоны,26192.13,26192.13,25248.093,Daily OTS 26192.13 > Q3 + 1.5*IQR = 25248.09
1585271561336807946,2025-06-15,281079,samsung galaxy,Смартфоны,19719.716,19719.716,15517.913874999998,Daily OTS 19719.72 > Q3 + 1.5*IQR = 15517.91
1585271561336888673,2025-06-15,281079,samsung galaxy,Смартфоны,44254.08,44254.08,15517.913874999998,Daily OTS 44254.08 > Q3 + 1.5*IQR = 15517.91
1585271561336969923,2025-06-15,281079,samsung galaxy,Смартфоны,27647.934,27647.934,15517.913874999998,Daily OTS 27647.93 > Q3 + 1.5*IQR = 15517.91
1801456980864929841,2025-06-15,281079,samsung galaxy,Смартфоны,21166.558,21166.558,15517.913874999998,Daily OTS 21166.56 > Q3 + 1.5*IQR = 15517.91
3891115984388077728,2025-06-15,281079,samsung galaxy,Смартфоны,28529.93,28529.93,15517.913874999998,Daily OTS 28529.93 > Q3 + 1.5*IQR = 15517.91
7142969781737756800,2025-06-15,281079,samsung galaxy,Смартфоны,26996.096,26996.096,15517.913874999998,Daily OTS 26996.10 > Q3 + 1.5*IQR = 15517.91
1585271561336736404,2025-06-16,281079,samsung galaxy,Смартфоны,26985.321,26985.321,12519.251,Daily OTS 26985.32 > Q3 + 1.5*IQR = 12519.25
1585271561336876209,2025-06-16,281079,samsung galaxy,Смартфоны,56172.62,56172.62,12519.251,Daily OTS 56172.62 > Q3 + 1.5*IQR = 12519.25
7023315206338,2025-06-17,281079,samsung galaxy,Смартфоны,36908.051999999996,36908.051999999996,19949.1555,Daily OTS 36908.05 > Q3 + 1.5*IQR = 19949.16
875163993763721408,2025-06-17,281079,samsung galaxy,Смартфоны,35573.307,35573.307,19949.1555,Daily OTS 35573.31 > Q3 + 1.5*IQR = 19949.16
1585271561336642216,2025-06-17,281079,samsung galaxy,Смартфоны,22857.388,22857.388,19949.1555,Daily OTS 22857.39 > Q3 + 1.5*IQR = 19949.16
1585271561336763206,2025-06-17,281079,samsung galaxy,Смартфоны,23048.68,23048.68,19949.1555,Daily OTS 23048.68 > Q3 + 1.5*IQR = 19949.16
5053051273388343040,2025-06-17,281079,samsung galaxy,Смартфоны,23777.624,23777.624,19949.1555,Daily OTS 23777.62 > Q3 + 1.5*IQR = 19949.16
947291746421455936,2025-06-18,281079,samsung galaxy,Смартфоны,38987.326,38987.326,21534.708749999998,Daily OTS 38987.33 > Q3 + 1.5*IQR = 21534.71
7421937771504245301,2025-06-18,281079,samsung galaxy,Смартфоны,74534.579,74534.579,21534.708749999998,Daily OTS 74534.58 > Q3 + 1.5*IQR = 21534.71
8800044858368715081,2025-06-18,281079,samsung galaxy,Смартфоны,31943.391000000003,31943.391000000003,21534.708749999998,Daily OTS 31943.39 > Q3 + 1.5*IQR = 21534.71
1585271561336768127,2025-06-19,281079,samsung galaxy,Смартфоны,26855.307,26855.307,21714.12425,Daily OTS 26855.31 > Q3 + 1.5*IQR = 21714.12
1585271561336863782,2025-06-19,281079,samsung galaxy,Смартфоны,55448.94,55448.94,21714.12425,Daily OTS 55448.94 > Q3 + 1.5*IQR = 21714.12
1657331923961798658,2025-06-19,281079,samsung galaxy,Смартфоны,24778.368000000002,24778.368000000002,21714.12425,Daily OTS 24778.37 > Q3 + 1.5*IQR = 21714.12
2882311520272393920,2025-06-19,281079,samsung galaxy,Смартфоны,23983.159,23983.159,21714.12425,Daily OTS 23983.16 > Q3 + 1.5*IQR = 21714.12
5332267584642577160,2025-06-19,281079,samsung galaxy,Смартфоны,27289.260000000002,27289.260000000002,21714.12425,Daily OTS 27289.26 > Q3 + 1.5*IQR = 21714.12
6784027359418859072,2025-06-19,281079,samsung galaxy,Смартфоны,43901.242,43901.242,21714.12425,Daily OTS 43901.24 > Q3 + 1.5*IQR = 21714.12
7421937771504245301,2025-06-19,281079,samsung galaxy,Смартфоны,33800.064,33800.064,21714.12425,Daily OTS 33800.06 > Q3 + 1.5*IQR = 21714.12
6341074104264852368,2025-06-21,281079,samsung galaxy,Смартфоны,113299.04500000001,113299.04500000001,30075.43825,Daily OTS 113299.05 > Q3 + 1.5*IQR = 30075.44
1738401682216574849,2025-06-22,281079,samsung galaxy,Смартфоны,38256.69,38256.69,24151.09275,Daily OTS 38256.69 > Q3 + 1.5*IQR = 24151.09
4467576858342743369,2025-06-22,281079,samsung galaxy,Смартфоны,94382.808,94382.808,24151.09275,Daily OTS 94382.81 > Q3 + 1.5*IQR = 24151.09
6061856428691210627,2025-06-22,281079,samsung galaxy,Смартфоны,26584.332,26584.332,24151.09275,Daily OTS 26584.33 > Q3 + 1.5*IQR = 24151.09
1585271561336995359,2025-06-23,281079,samsung galaxy,Смартфоны,30457.148,30457.148,11597.273500000001,Daily OTS 30457.15 > Q3 + 1.5*IQR = 11597.27
1882516134850618573,2025-06-23,281079,samsung galaxy,Смартфоны,23861.297,23861.297,11597.273500000001,Daily OTS 23861.30 > Q3 + 1.5*IQR = 11597.27
6566258848326419843,2025-06-23,281079,samsung galaxy,Смартфоны,22507.285,22507.285,11597.273500000001,Daily OTS 22507.28 > Q3 + 1.5*IQR = 11597.27
8079709592015739840,2025-06-23,281079,samsung galaxy,Смартфоны,13191.732,13191.732,11597.273500000001,Daily OTS 13191.73 > Q3 + 1.5*IQR = 11597.27
225188978579824128,2025-06-24,281079,samsung galaxy,Смартфоны,35910.708,35910.708,24118.9245,Daily OTS 35910.71 > Q3 + 1.5*IQR = 24118.92
1585271561337019786,2025-06-24,281079,samsung galaxy,Смартфоны,30526.76,30526.76,24118.9245,Daily OTS 30526.76 > Q3 + 1.5*IQR = 24118.92
4683750671725055367,2025-06-24,281079,samsung galaxy,Смартфоны,55539.82,55539.82,24118.9245,Daily OTS 55539.82 > Q3 + 1.5*IQR = 24118.92
7791241212634245504,2025-06-24,281079,samsung galaxy,Смартфоны,27764.631,27764.631,24118.9245,Daily OTS 27764.63 > Q3 + 1.5*IQR = 24118.92
8081099374713313537,2025-06-25,281079,samsung galaxy,Смартфоны,22087.173,22087.173,18370.140999999996,Daily OTS 22087.17 > Q3 + 1.5*IQR = 18370.14
1513216533926154380,2025-06-26,281079,samsung galaxy,Смартфоны,11492.097,11492.097,11242.588999999998,Daily OTS 11492.10 > Q3 + 1.5*IQR = 11242.59
1585271561336903680,2025-06-26,281079,samsung galaxy,Смартфоны,14977.936,14977.936,11242.588999999998,Daily OTS 14977.94 > Q3 + 1.5*IQR = 11242.59
1585271561337000714,2025-06-26,281079,samsung galaxy,Смартфоны,14665.58,14665.58,11242.588999999998,Daily OTS 14665.58 > Q3 + 1.5*IQR = 11242.59
3098483135638259031,2025-06-26,281079,samsung galaxy,Смартфоны,25439.43,25439.43,11242.588999999998,Daily OTS 25439.43 > Q3 + 1.5*IQR = 11242.59
5630684123440643457,2025-06-26,281079,samsung galaxy,Смартфоны,13553.268,13553.268,11242.588999999998,Daily OTS 13553.27 > Q3 + 1.5*IQR = 11242.59
6278059259680440000,2025-06-26,281079,samsung galaxy,Смартфоны,12125.544,12125.544,11242.588999999998,Daily OTS 12125.54 > Q3 + 1.5*IQR = 11242.59
1306055321721055769,2025-06-27,281079,samsung galaxy,Смартфоны,85866.464,85866.464,14899.081999999999,Daily OTS 85866.46 > Q3 + 1.5*IQR = 14899.08
1585271561337050126,2025-06-27,281079,samsung galaxy,Смартфоны,48736.24,48736.24,14899.081999999999,Daily OTS 48736.24 > Q3 + 1.5*IQR = 14899.08
1585271561337050866,2025-06-27,281079,samsung galaxy,Смартфоны,16252.506000000001,16252.506000000001,14899.081999999999,Daily OTS 16252.51 > Q3 + 1.5*IQR = 14899.08
7791236453343831554,2025-06-27,281079,samsung galaxy,Смартфоны,20703.005999999998,20703.005999999998,14899.081999999999,Daily OTS 20703.01 > Q3 + 1.5*IQR = 14899.08
1017826200793646913,2025-06-28,281079,samsung galaxy,Смартфоны,88410.006,88410.006,21820.362749999997,Daily OTS 88410.01 > Q3 + 1.5*IQR = 21820.36
1162022737893971328,2025-06-28,281079,samsung galaxy,Смартфоны,28881.27,28881.27,21820.362749999997,Daily OTS 28881.27 > Q3 + 1.5*IQR = 21820.36
1585271561336994462,2025-06-28,281079,samsung galaxy,Смартфоны,155813.664,155813.664,21820.362749999997,Daily OTS 155813.66 > Q3 + 1.5*IQR = 21820.36
1594286234250462081,2025-06-28,281079,samsung galaxy,Смартфоны,22436.472,22436.472,21820.362749999997,Daily OTS 22436.47 > Q3 + 1.5*IQR = 21820.36
7791241212634245504,2025-06-28,281079,samsung galaxy,Смартфоны,28796.853,28796.853,21820.362749999997,Daily OTS 28796.85 > Q3 + 1.5*IQR = 21820.36
7142969781737756800,2025-06-29,281079,samsung galaxy,Смартфоны,14434.88,14434.88,13071.071249999997,Daily OTS 14434.88 > Q3 + 1.5*IQR = 13071.07
8872102518756436180,2025-06-29,281079,samsung galaxy,Смартфоны,16155.736,16155.736,13071.071249999997,Daily OTS 16155.74 > Q3 + 1.5*IQR = 13071.07
1585271561337043459,2025-06-30,281079,samsung galaxy,Смартфоны,35998.655,35998.655,18257.377999999997,Daily OTS 35998.65 > Q3 + 1.5*IQR = 18257.38
2305848744076623062,2025-06-30,281079,samsung galaxy,Смартфоны,24428.004,24428.004,18257.377999999997,Daily OTS 24428.00 > Q3 + 1.5*IQR = 18257.38
2819265587255210048,2025-06-30,281079,samsung galaxy,Смартфоны,56981.336,56981.336,18257.377999999997,Daily OTS 56981.34 > Q3 + 1.5*IQR = 18257.38
4548647573216187331,2025-06-30,281079,samsung galaxy,Смартфоны,60107.408,60107.408,18257.377999999997,Daily OTS 60107.41 > Q3 + 1.5*IQR = 18257.38
1513216560753935319,2025-06-04,307306,tecno camon,Смартфоны,25392.039000000004,25392.039000000004,16194.549875000002,Daily OTS 25392.04 > Q3 + 1.5*IQR = 16194.55
4188358933945245264,2025-06-06,307306,tecno camon,Смартфоны,16677.338,16677.338,12914.603,Daily OTS 16677.34 > Q3 + 1.5*IQR = 12914.60
1585271561337044540,2025-06-13,307306,tecno camon,Смартфоны,23325.802,23325.802,14281.7465,Daily OTS 23325.80 > Q3 + 1.5*IQR = 14281.75
6052843385257647299,2025-06-16,307306,tecno camon,Смартфоны,10035.484,10035.484,7401.667,Daily OTS 10035.48 > Q3 + 1.5*IQR = 7401.67
1585271561336866507,2025-06-22,307306,tecno camon,Смартфоны,6932.589,6932.589,4744.5345,Daily OTS 6932.59 > Q3 + 1.5*IQR = 4744.53
4332926112403708992,2025-06-30,307306,tecno camon,Смартфоны,50638.58,50638.58,12832.952374999999,Daily OTS 50638.58 > Q3 + 1.5*IQR = 12832.95
4548647573216187331,2025-06-30,307306,tecno camon,Смартфоны,15026.852,15026.852,12832.952374999999,Daily OTS 15026.85 > Q3 + 1.5*IQR = 12832.95
6495489739328867520,2025-06-02,311362,tecno pova,Смартфоны,17450.06,17450.06,9012.576,Daily OTS 17450.06 > Q3 + 1.5*IQR = 9012.58
5197165587782267328,2025-06-04,311362,tecno pova,Смартфоны,22486.698,22486.698,10578.274250000002,Daily OTS 22486.70 > Q3 + 1.5*IQR = 10578.27
5197165587782267328,2025-06-05,311362,tecno pova,Смартфоны,20529.311,20529.311,20072.392374999996,Daily OTS 20529.31 > Q3 + 1.5*IQR = 20072.39
8872103851395035073,2025-06-08,311362,tecno pova,Смартфоны,5266.298,5266.298,2697.964,Daily OTS 5266.30 > Q3 + 1.5*IQR = 2697.96
1585271561336631758,2025-06-15,311362,tecno pova,Смартфоны,16416.846,16416.846,12109.351999999999,Daily OTS 16416.85 > Q3 + 1.5*IQR = 12109.35
1585271561336969686,2025-06-16,311362,tecno pova,Смартфоны,47768.187,47768.187,20399.88925,Daily OTS 47768.19 > Q3 + 1.5*IQR = 20399.89
8718974580309867102,2025-06-22,311362,tecno pova,Смартфоны,18320.482,18320.482,15497.614000000001,Daily OTS 18320.48 > Q3 + 1.5*IQR = 15497.61
7719183485888315392,2025-06-27,311362,tecno pova,Смартфоны,16837.836,16837.836,14510.202749999999,Daily OTS 16837.84 > Q3 + 1.5*IQR = 14510.20
1585271561337012029,2025-06-28,311362,tecno pova,Смартфоны,91556.91,91556.91,7937.629500000001,Daily OTS 91556.91 > Q3 + 1.5*IQR = 7937.63
7214778110251697675,2025-06-29,311362,tecno pova,Смартфоны,44572.590000000004,44572.590000000004,17354.696000000004,Daily OTS 44572.59 > Q3 + 1.5*IQR = 17354.70
8935147025123496488,2025-06-29,311362,tecno pova,Смартфоны,45602.026,45602.026,17354.696000000004,Daily OTS 45602.03 > Q3 + 1.5*IQR = 17354.70
5764614858704116186,2025-06-03,369276,iqoo,Смартфоны,26596.182,26596.182,13223.77975,Daily OTS 26596.18 > Q3 + 1.5*IQR = 13223.78
5764614858704116186,2025-06-04,369276,iqoo,Смартфоны,54085.515,54085.515,8566.678,Daily OTS 54085.51 > Q3 + 1.5*IQR = 8566.68
5764614858704116186,2025-06-05,369276,iqoo,Смартфоны,39089.152,39089.152,26085.301,Daily OTS 39089.15 > Q3 + 1.5*IQR = 26085.30
5764614858704116186,2025-06-06,369276,iqoo,Смартфоны,37278.092,37278.092,5419.656499999999,Daily OTS 37278.09 > Q3 + 1.5*IQR = 5419.66
5764614858704116186,2025-06-08,369276,iqoo,Смартфоны,60044.49,60044.49,17013.2485,Daily OTS 60044.49 > Q3 + 1.5*IQR = 17013.25
5764614858704116186,2025-06-11,369276,iqoo,Смартфоны,20671.802,20671.802,19515.8885,Daily OTS 20671.80 > Q3 + 1.5*IQR = 19515.89
576465923186619466,2025-06-13,369276,iqoo,Смартфоны,28632.779,28632.779,19860.815375,Daily OTS 28632.78 > Q3 + 1.5*IQR = 19860.82
585481725913663553,2025-06-14,369276,iqoo,Смартфоны,16738.018,16738.018,14693.4915,Daily OTS 16738.02 > Q3 + 1.5*IQR = 14693.49
5053051190437830144,2025-06-15,369276,iqoo,Смартфоны,13924.38,13924.38,3607.7795000000006,Daily OTS 13924.38 > Q3 + 1.5*IQR = 3607.78
576465923186619466,2025-06-16,369276,iqoo,Смартфоны,28088.226,28088.226,5929.958624999999,Daily OTS 28088.23 > Q3 + 1.5*IQR = 5929.96
6557246880847484935,2025-06-18,369276,iqoo,Смартфоны,56106.148,56106.148,29624.690624999996,Daily OTS 56106.15 > Q3 + 1.5*IQR = 29624.69
1585271561336699873,2025-06-25,369276,iqoo,Смартфоны,20941.446,20941.446,18332.2565,Daily OTS 20941.45 > Q3 + 1.5*IQR = 18332.26
3026427095411120460,2025-06-04,421034,всегда в тренде,Одежда,13303.112,13303.112,10526.3295,Daily OTS 13303.11 > Q3 + 1.5*IQR = 10526.33
3900967167078630144,2025-06-04,421034,всегда в тренде,Одежда,18597.244,18597.244,10526.3295,Daily OTS 18597.24 > Q3 + 1.5*IQR = 10526.33
8791033899596156818,2025-06-29,423754,под каблуком,Обувь,11338.877,11338.877,10966.832374999998,Daily OTS 11338.88 > Q3 + 1.5*IQR = 10966.83
